019ijDgRh2Rf5y1eBv6w3qWEmDx1,prefara6@gmail.com,true,,,Precious Faraday,https://lh3.googleusercontent.com/a/ACg8ocLl9Xp5PYSGkA49fEnGCeb7BXU36rY-8NEO8KAumyhMadqAzg=s96-c,114523819831043094307,prefara6@gmail.com,Precious Faraday,https://lh3.googleusercontent.com/a/ACg8ocLl9Xp5PYSGkA49fEnGCeb7BXU36rY-8NEO8KAumyhMadqAzg=s96-c,,,,,,,,,,,,,1781561337107,1781561337107,,,,,,,,,,,,,,,,,,,,,,,,,,,,
03Apih0WpjPGGzaDDo4lrQ2bz8n1,boluwatife.tijani@gmail.com,true,,,Bolu Tijani,https://lh3.googleusercontent.com/a/ACg8ocJNgvZ1eAecVybSjpyxoFyRkDz1bpYWyGUxBgzcT7aqEqFmWjc=s96-c,107190635304838479305,boluwatife.tijani@gmail.com,Bolu Tijani,https://lh3.googleusercontent.com/a/ACg8ocJNgvZ1eAecVybSjpyxoFyRkDz1bpYWyGUxBgzcT7aqEqFmWjc=s96-c,,,,,,,,,,,,,1781528621979,1786413355863,,,,,,,,,,,,,,,,,,,,,,,,,,,,
0hAxZAYLbjUewC2PJW2RsAYv8um2,gracejohnnkpa@gmail.com,true,,,Grace John,https://lh3.googleusercontent.com/a/ACg8ocJ-3fG5-hr4UJIKILn8ImJtYgyM-BNXHnL2fwcG6c-zzUReUw=s96-c,117816395334722280894,gracejohnnkpa@gmail.com,Grace John,https://lh3.googleusercontent.com/a/ACg8ocJ-3fG5-hr4UJIKILn8ImJtYgyM-BNXHnL2fwcG6c-zzUReUw=s96-c,,,,,,,,,,,,,1781722301731,1786448229069,,,,,,,,,,,,,,,,,,,,,,,,,,,,
1Ld10bsyjoVaYcz40uYYWnHBBSh2,jaustinogbodaga@gmail.com,true,,,Jose Austin-ogbodaga,https://lh3.googleusercontent.com/a/ACg8ocLAvLPgN1pk3o6tyGUyiPtZVVusTIVCcXhlFo6QcDo9b028bw=s96-c,103793580066661270901,jaustinogbodaga@gmail.com,Jose Austin-ogbodaga,https://lh3.googleusercontent.com/a/ACg8ocLAvLPgN1pk3o6tyGUyiPtZVVusTIVCcXhlFo6QcDo9b028bw=s96-c,,,,,,,,,,,,,1781544311487,1785784058578,,,,,,,,,,,,,,,,,,,,,,,,,,,,
1sHV6IITRmTqJA90NBNN4euTM4A3,sethfomah7@gmail.com,true,,,Seth Fomah,https://lh3.googleusercontent.com/a/ACg8ocJQUsHN9-GzBkTf_uzfMbfx8BUGQgNqx-gt452F8GmPZ1p4sg=s96-c,104756804390589019728,sethfomah7@gmail.com,Seth Fomah,https://lh3.googleusercontent.com/a/ACg8ocJQUsHN9-GzBkTf_uzfMbfx8BUGQgNqx-gt452F8GmPZ1p4sg=s96-c,,,,,,,,,,,,,1785169939900,1786014396058,,,,,,,,,,,,,,,,,,,,,,,,,,,,
2I5zx4oSIjPL9ZPGc7XYmmmJIZp2,templeabundance1@gmail.com,true,,,Abundance Temple,https://lh3.googleusercontent.com/a-/ALV-UjUc7R3HmoWzq-NbJooYlwUWOL59GW_iEJKecgs4P-FNUk-R6nyMD62YUaPLryNDEISrRiRU9L6QWHwnrxjsEc1-Le0ptw1gQu-su3Nl8uFlf10q-kefSNtHeWZTn5O1DzNRSwhHTl1qNJQ7Hsc1hEMbAxb65hM6yNCE3FmybpawsW3swFOjmWowC0JJSYWiNa-K58M9KYB9MI6NDgzf8IycGZS_CEoIcWT3t0fMmkXCipBvGMyaTWX97Fm6aFoy5S0jhnBeia7muf660i-ihpx5bcP0UeZ58kZp7YNFi9tS2W-F3LVmudqrm9MQN8JsW5N1AtA1mqDVBTGnXO4A0Ff4aVWlsEBkPv5Sf_kdAmHrU3pQa5o4iUtqwlMwEFm85TO-WAhhd86bTQXgzDhAHzWPRhxFXJ8SygUek6Hmcnqpagbi9MgZwPAV3IRm-T0xXtwv3S3MWR1AFm1IZ8FzSwjNSH5-R-MYTPmh_dZAvZCKGLEwt191-YyhTNDLSLP890b1y_bf86MWdOaxtIsHfFprKyvREldLjYv5m6IMfXORkg9-Dx-6n2KUAtsPXGaoryvqzCIcmfRI4dsGYaQOr-8-klouRaJU-iLtHiKmHPFAzFRD7oIcaInjv3hhJujEr0gQSBAuXjaV6ltee1n1W0IroY7bxMj3MD7OzAbL5csnKqMXTTlj4wXCC3E9OVRC3dKie7_QyhTcF7VHAfSZ0kvYZmgcCnr1XHJXXCKET3kwKzUPe7rxLi_M3mMEUZtZlBYnyUqhcdNUVWHwvB1ZY_c1afQ_SWqmT0At7iBUpW1Th9rPjcR6CmjKoBcOtIyoMqMe1gSOZ8Dpxmr1Cxv3fPfArkTcl27Y_Al0Cx6JRrz0MjUyBZ2NhfjcyuQxLeAi819D1xMxyF_ImYp7P-Lh39UxOgTyeqcVxVa4MNyXFCaICiIbEkV5J6WyuaokZqEv9AVFjyYJUOOMW22-Qei2nncVxgPI7e0fFCoVXry89jC9uCXn1wZOpmYgM9D73Ve4ju3iSP_ik35ahZygD1tNWmayYS0ZwII9PyCQmaAB1_jDaRlzuqsIjSdw=s96-c,116274781465740119217,templeabundance1@gmail.com,Abundance Temple,https://lh3.googleusercontent.com/a-/ALV-UjVA5gKejwbAVQ1m2UW_2dTOjGd2bhu5TkZ40ItuxReQ52xMWeOg-pq_KkTPWsAax-ZjraqDPYy_1roITBEg-nN51WFnRpywuwh1f1XuJ8nQOkpcDAb3Kp1PGCloORiHMYhl7j8aB2o0JenZjaEEHz4AI8LiSRc5dPCZbVQhfmUGKkFHmgPvYSrsxvwjR9-z8LCiVz8AwL9pNdSsn7PWxuQKYYyO7fIQg4BTb4rwEpRoJmlv4pyZKKu5uLx890e3UR-T6qU3NyuWeqNWbVi8s42O8Jju-SbHUxD5Y_graPZlVr_gKH2MXvn52PZ2Zd0ToPI-h0MNqrokFG4_yXUWppx5DcM9loiSKE54FnAG0umcj1V-5qli561dV-9qOYHXJFQ0m1GRWluQTr-zWaqAmnsFBHYHQ5m1Jl4MSgmw9lTd-arVZoi7rHo9Xw72RF2tIk6WiaALKX--OL5D1p_ckTzlkUXELd4kFRzjMnmS4o6KVzgiTxGSYYRJA2U2kriZa0O2Drj20tgbItEIeMsKBOCiVG2c6Pvnbr20Eaff91LsBCAtprHHjfB2BxG77CexhRznXQlRmTSjYsWlCf873N7buHk70d1AUFYr_-vnpPXdKFxm527UZKkPXQPtAhPi0yBw4t-6hoiGlCGiXWnLt-U4MaeyqRfvOmwtH3p74bCMHnPyYCAoqBBARcF2tnuIVlY31gkKBIi3fC-S8D-i5l6VLJrs0yDbTt3RgOci9iTHqnvuS88cnF61ctRphUC6E1tSy7yHOLJ3mCTX530w1mlYfWixHwOScdwn1e-4wlTMhJOaBwBBkFIsYktnK3DlZYaR4WRzRumeoacZMx9_dEwOVj5i1NDBseGIHOoiqNjtTjvFNW6FK1wew8U7k1Rv97TBGV9996RKyJADUDmsitVHbtD6nECjYdNsVGl3V_At6GRSyvAic6ttMOoCMCpoe_3GZbdWzRt0StpMR29Zi2LYSBpjJaawRcL6jAHjtcIvhqBO6xq5XQ88jnGKSXvli9xH94sk9Tsza4LcCGdh3x0yl2fiL_Z7DAmzHd0lesaLMau72f5yTQ=s96-c,,,,,,,,,,,,,1782049801508,1782244266282,,,,,,,,,,,,,,,,,,,,,,,,,,,,
2LdazCh9weaRmWO584cwdrXrnX02,sarahdang34@gmail.com,true,,,Sarah Dang,https://lh3.googleusercontent.com/a/ACg8ocJ7denRbGfvhbs7gLcd97lfrX1RpFurYoq6z8aGx_hUo4p7=s96-c,115935987734219444390,sarahdang34@gmail.com,Sarah Dang,https://lh3.googleusercontent.com/a/ACg8ocJ7denRbGfvhbs7gLcd97lfrX1RpFurYoq6z8aGx_hUo4p7=s96-c,,,,,,,,,,,,,1781627540141,1782688362247,,,,,,,,,,,,,,,,,,,,,,,,,,,,
2SQ00XNgDoX3GxHeagN5KnKJiPa2,afamsmiebi@gmail.com,true,,,Tamaramiebi Afamukoro,https://lh3.googleusercontent.com/a/ACg8ocLcrTRpnMbQ221mH_YwV0ga9zwY-KS9tgHsg6VCF2Bb7Fcksg=s96-c,102647747063046214491,afamsmiebi@gmail.com,Tamaramiebi Afamukoro,https://lh3.googleusercontent.com/a/ACg8ocLcrTRpnMbQ221mH_YwV0ga9zwY-KS9tgHsg6VCF2Bb7Fcksg=s96-c,,,,,,,,,,,,,1785323498176,1786419945255,,,,,,,,,,,,,,,,,,,,,,,,,,,,
3JP8nET3K2dOlIYPFnZpLLSWFk73,shawnanozie@gmail.com,true,,,Kamsi,https://lh3.googleusercontent.com/a/ACg8ocLlwtpBnsAH2uZPSzB9nLD3uKGl2dYfCjtJqvxQrejxbzjNEaY=s96-c,101154170368731273884,shawnanozie@gmail.com,Kamsi,https://lh3.googleusercontent.com/a/ACg8ocLlwtpBnsAH2uZPSzB9nLD3uKGl2dYfCjtJqvxQrejxbzjNEaY=s96-c,,,,,,,,,,,,,1782135310693,1782135310693,,,,,,,,,,,,,,,,,,,,,,,,,,,,
3NDcipmRIWhGqchDp2Q5DiS5NVE2,oyin17ade@gmail.com,true,,,Oyin,https://lh3.googleusercontent.com/a/ACg8ocJLuZyezkoJsTFw0-Qrnb4dNZWmwpjaFLRfZtN0Q0SXAz8tzOuG=s96-c,107996587612443418718,oyin17ade@gmail.com,Oyin,https://lh3.googleusercontent.com/a/ACg8ocJLuZyezkoJsTFw0-Qrnb4dNZWmwpjaFLRfZtN0Q0SXAz8tzOuG=s96-c,,,,,,,,,,,,,1782066494800,1786194982099,,,,,,,,,,,,,,,,,,,,,,,,,,,,
3X5Zx5WdqZcX3xsqxGVZGe50MYv1,olujayjayforlife@gmail.com,true,,,Oluwajomiloju Adedipe,https://lh3.googleusercontent.com/a/ACg8ocIgNDPYfN2yVp5Kv-BZx076XoJXCvlf-c8OPllcedWVEcMv8g=s96-c,103179112680987938599,olujayjayforlife@gmail.com,Oluwajomiloju Adedipe,https://lh3.googleusercontent.com/a/ACg8ocIgNDPYfN2yVp5Kv-BZx076XoJXCvlf-c8OPllcedWVEcMv8g=s96-c,,,,,,,,,,,,,1782666546088,1783368408250,,,,,,,,,,,,,,,,,,,,,,,,,,,,
3r2VFyrczlgQLtcMWhTPzM6JAwv2,uchenchukeuuchenna@gmail.com,true,,,Uchenna Uchenchukeu,https://lh3.googleusercontent.com/a/ACg8ocKCGkyv0jhkzSWoj6365pL1RHvOlbZ4EjICcOLw8jPDHvqicA=s96-c,113248021957842698190,uchenchukeuuchenna@gmail.com,Uchenna Uchenchukeu,https://lh3.googleusercontent.com/a/ACg8ocKCGkyv0jhkzSWoj6365pL1RHvOlbZ4EjICcOLw8jPDHvqicA=s96-c,,,,,,,,,,,,,1781711071290,1781711071290,,,,,,,,,,,,,,,,,,,,,,,,,,,,
4jHNSk79bOPZDASsHM2SHRg9Xry2,evulinemichaelcisco@gmail.com,true,,,Michael Evuline,https://lh3.googleusercontent.com/a/ACg8ocJSucrElb12CRignOPccDAoaWQNFOHCuo7DYuvm62gkTXSiPzMm=s96-c,112645193876130837307,evulinemichaelcisco@gmail.com,Michael Evuline,https://lh3.googleusercontent.com/a/ACg8ocJSucrElb12CRignOPccDAoaWQNFOHCuo7DYuvm62gkTXSiPzMm=s96-c,,,,,,,,,,,,,1781434772070,1781434772070,,,,,,,,,,,,,,,,,,,,,,,,,,,,
4x4Q5n135hhM9HPTZA6wRzoTEuf2,ivangodswill45@gmail.com,true,,,Greezy G,https://lh3.googleusercontent.com/a-/ALV-UjWJeP_eyUMaOpbvETEEKZkdNypB-mx4aIiRcnx8QU2wFdtOzWexoCfCq31-NOLFSDjGtT2i99fDXeosoW-XNX3WrH_NMgCJPBbq8BZXlRti1HDupNohmC8ObI2IVIOexjaxSKduyLAlW2g91c_PAKBDvYrj_hf4W7zz6K1vZT0rX7xDfXzcwndLqc-vpAwQtAL2G50PcRZBmAs6Jw29OzPLcW_uaggBlh05SC03fJtnjU1DjUI1rT_ix0R2tP2deYmwaTbfE_b6p2LJDua95dNGdcqD0SfHWzvWGo4GTFYrS5rxUz5SCH_m73Y_dgp6jHp_Wof2pj6YJHBoXhCWLN0pQ31m4qgILTUCXihp4gacR3CnypdcgAaSRHcvfeot1JbxXlQcgRQSIxxAYgdcx28LYGsm6DFztX6jUkzAmdzc0PrM5gpY-IoynTyu0H1yNSpsg47elDVPyTkVkIqk1LPuc8PK6L4wlkPyTcb2yCePamjGMTn0NQwOCJ9fLo6wraY0t-MxPnO4IIabia9VeHD9kq0qtHSyn_dxCc5YH37Gb2RtatUEpKKOHkBRcAm7Nnbjh7qeB5VZwU6TkUoYxyF4Xzmoc_Yw2sUl3jNS7Dj_N_f_nFBB7YH4KOdGB-MLyT9CrWb2LQOXusxrTgnq4dvRRDOI4SkHzQ064_8WW7eRnId8X_5WuNMtOUDyICbaOvAuDx-CzCDYniq677vE29hQCZ93QwfsupzPX_UDWFPG4pqIzOlkAkUOYDgYbVW806jCBHTGeQ4g-fG-RSEdxY6dOAtAFYtEVpFYrmnM9fhABHxV8XY0zMPSFF8Rec9Ih7ZxqJTd3qbWkuEFDoB1pIOq5p8Edo465LjsqdUuktn_9PI2FqTQSQ4uQiaUwlaSImOLf3SCTI-stTFMMM1T2bYF0VbREJF1Ff3TTdhqgNkT9dLw5lr3e_Qa2ODrWdL6s4pJvbVCxljmUn0PNAwqnTktDLxys4DxDkxrsn1mI5vSaCyckCbM1CMjxe3V-IysoIlatGMQb9CGZu9XnHgtvOfCYoCj2k-v0H9kzIS6SpisLKBYAY9g=s96-c,108398790157327838572,ivangodswill45@gmail.com,Greezy G,https://lh3.googleusercontent.com/a-/ALV-UjXJlBBaCWfravd8hHTjyC1ntlfG-Lt-r1ho_uha3u-pz1oIPaU9WDgtEoE3m4iP8AhoCqSrILJysX_rzm9-kSv5F-b5MdGe7CPIb3IMU1YWxtyOrUQXvxpKqyb_O2qZT7YO42z7-khz5YGZj7jnTp013aYGpDDe2RpL8_3f2CzcPnqxOeV54MDIjUWuLTHvJ3YtSijbDGGnMqe4-wVuDHk4HdUgUs2NKk6lDDeUz5I9OYkQZXwcdOMBsMRIwOefRkVB8dfvIWQfyhSWwl8xWo132PQUAXx4NCjpiJdfbYjw1jAU6Hf63hwHuMicD9p0rjSNiwbLWrgJp5cxWSjQMmNq7TJEy1MSWTZL6dRfC119l6NRWM3JxkJPJrdiLrjBLN1obPppDARXgde-Ant93EQcqJtNH-kQGwkd3SnSa7sJX5qUjsIPXEOF8hYDSgOnJwS2JTAFgUeZq2GuINfgApaiZt5AHlrItbWb1ZSUUJy4bOernrPs9uU_UzfCyozN-aFfoPwkrUjxZtPTewUxRmJc4SNxnPE_l2JORunBo2F5YFz_WEra5pZBx4FVgyKnw58N5fHd2TVYmjwgoTfryrW7IqQPEd7DQt9rgIFdmQD1_pIq7khtmGz9XV5qem0W4dOXMf8gWjLBVjqmtMD11CkAu2_rLufjiHneN22Z7DoWg_s2SwP4FRyNaA8SlPN4U1-FwzhJpT3uCG8HCORGLf7xcVxLlZHbMfwc-ywUnwa7L75jUIupmwE0mSFSyaRimFmu-2HaEOBeglSDMBGkPShGf2f5C_uXM_LSduCv7K75BXDYGJK6Hj8fF0B6nCJlFfWBJj_s2pas5C9ETUDKRzHaLEHKKw3n0soyJYyKKRmYCVrQzcO28wjDuqYmqNgowsv-vdrzfAFldSJnjWPoOQKxshDD-w3Q5x0nCAfIGvyPuO5m3zdVvn00aTgQFgtfKwlCQ1w-rdD2t2dnVZ-Po_VODE9RynuNJqya6BZ9tiCnR1oAZtE4SlcNagpGL-HCESl7Kx9dN4UTmIVan5SuCUBvVxmMld8yDSGG65rifqhzj2oVMm31DDAWHg=s96-c,,,,,,,,,,,,,1782076497195,1786444998435,,,,,,,,,,,,,,,,,,,,,,,,,,,,
4yx5YX2gh7dX9iX2OOmV1ORxOwt2,amirasarki626@gmail.com,true,,,Ayman Souraj,https://lh3.googleusercontent.com/a/ACg8ocIG1-ifM0FEOp-Lmd9i0gUBL2H-_d0aKuxfmzgJc5LOn8fXEQ=s96-c,107160436618766767952,amirasarki626@gmail.com,Ayman Souraj,https://lh3.googleusercontent.com/a/ACg8ocIG1-ifM0FEOp-Lmd9i0gUBL2H-_d0aKuxfmzgJc5LOn8fXEQ=s96-c,,,,,,,,,,,,,1782822052441,1782822052441,,,,,,,,,,,,,,,,,,,,,,,,,,,,
5250kvle8TSKPXVQswMIxMWKnQo2,zaraarukwe337@gmail.com,true,,,Zara Arukwe,https://lh3.googleusercontent.com/a/ACg8ocI6x3hHATZOquGPMd3Ih-EAEiRL_aOH5TFLAX_KytOgZOmpimV-=s96-c,118371554458675192729,zaraarukwe337@gmail.com,Zara Arukwe,https://lh3.googleusercontent.com/a/ACg8ocI6x3hHATZOquGPMd3Ih-EAEiRL_aOH5TFLAX_KytOgZOmpimV-=s96-c,,,,,,,,,,,,,1782067751570,1785780724833,,,,,,,,,,,,,,,,,,,,,,,,,,,,
5BnImoICvJRbpfizr8oEFQImtla2,angelifeanyi77@gmail.com,true,,,Angel Ifeanyi,https://lh3.googleusercontent.com/a/ACg8ocKdy5sEw3Bj4arktPd9zg8YkH2ff_0TAMFRpfa75FgIb0Zq_g=s96-c,114754872046031494383,angelifeanyi77@gmail.com,Angel Ifeanyi,https://lh3.googleusercontent.com/a/ACg8ocKdy5sEw3Bj4arktPd9zg8YkH2ff_0TAMFRpfa75FgIb0Zq_g=s96-c,,,,,,,,,,,,,1781628467623,1781628467623,,,,,,,,,,,,,,,,,,,,,,,,,,,,
5SIbvfLnrZWuxcI1Ouu2sfHKRmz2,idrisanisa90@gmail.com,true,,,Anisa Idris,https://lh3.googleusercontent.com/a/ACg8ocKZ57IcIgBoaG9nTQQ0GEG-2Giyo_2SFC3m-yDZp-QAXjGkog=s96-c,102166176112167821410,idrisanisa90@gmail.com,Anisa Idris,https://lh3.googleusercontent.com/a/ACg8ocKZ57IcIgBoaG9nTQQ0GEG-2Giyo_2SFC3m-yDZp-QAXjGkog=s96-c,,,,,,,,,,,,,1783152336044,1784141098579,,,,,,,,,,,,,,,,,,,,,,,,,,,,
66s9IANqDWYbHJtHEPKfgjJ8NZ53,preciousgeorge718@gmail.com,true,,,precious George,https://lh3.googleusercontent.com/a/ACg8ocLmVr0NbL6vIAFmQidjnb966CfcL85PazsRD_Zbjy4qFwkTQH9e=s96-c,107137834422115223305,preciousgeorge718@gmail.com,precious George,https://lh3.googleusercontent.com/a/ACg8ocLmVr0NbL6vIAFmQidjnb966CfcL85PazsRD_Zbjy4qFwkTQH9e=s96-c,,,,,,,,,,,,,1781816820899,1781816820899,,,,,,,,,,,,,,,,,,,,,,,,,,,,
6LpLhk2LFWSKrO1WcctCl7lIgnB2,chinecheremchukwukelo618@gmail.com,true,,,Chinecherem Chukwukelo,https://lh3.googleusercontent.com/a/ACg8ocIkcsnlyz9boUvPCtmHl_Jx2gnHRil4ZHHP0UTHUnIOPi_e5DY=s96-c,111798288195858914159,chinecheremchukwukelo618@gmail.com,Chinecherem Chukwukelo,https://lh3.googleusercontent.com/a/ACg8ocIkcsnlyz9boUvPCtmHl_Jx2gnHRil4ZHHP0UTHUnIOPi_e5DY=s96-c,,,,,,,,,,,,,1781628007952,1781628007952,,,,,,,,,,,,,,,,,,,,,,,,,,,,
6PgHnDtveEbmrrvXwfZAsR9uRkT2,daniel.enenmoh@gmail.com,true,,,Krypto,https://lh3.googleusercontent.com/a-/ALV-UjUOrWSyv6Xm5Y8FkGCLzvZDnUXUJB0nX4CGuIhvrl0YR2a_slkm59oILr9uJJ3RKJRTusT5MZbMYhQGlAAjRek-Ced-O5ISVVyZaD16u3P0ceRvaKXoi-LZDnryUVEDE2DD9a8bzIxHic5FocW9VXliYunGl_tLrZTFGpMsWvViIHHnBePQQqqFWLbSChSM4-qWqelAat43di4EHtj6URI51jcU2M0MnHt_ZbdnASfmPMv79LskrrX2IpGR0M2hnGEGFeuIRGNZSeLdGMwgxxW3Nc962k8336G4S_8arB7NLMY7ATkZoJDINgNe8QHc6PrMF6vn3mPOqZdutJl9aWcXEUGs2F9iETZgiVyX5drvEDVzGOh8gDaKMi0Bz_bLypYUtA3LgQJan4E6-Nv3T67A56Q2DBCXljHikfDQTy0CxG0wbG-Ao5pxjFy-E1W21_M-ODx6y4e09LZ4mGOqX5l8G6rNGVRFHjSr-gFi0fLsu4_Nq2k9u2kpW7d26BhyB8rw1Tfs6ATaRg6-0S1bhd1mx4bglo37BCh71rAJDWk3x69-fXO6vhKGLM4ZNVNnBR2zTH0u9qwBblrE6p--6ERtv_E9SkzKI9gIxiljpklQh8e_LWeE-SPiE0be6n-G7HMR_pL6uVTNwBr870I4VRW4ixJFsqBoLD9IdOuvh-WW-n-VGifNZ1_Fuh6c1nioO3jGtWY3VVMnrRMj56q89IRJyTcNSIuprHsBUAI0AXTFOHwo8ecEZxQkR0GzQdjPPTS8zVIqDG_EKpbZonq7ss8G0tFycFM42p-bqqEpmJQlCfVPa_Jeadjw3IGWkrQsvOv_0yt2Vqs-RZThXB8ueEpzLUkLCUbsmDOqUCEsCyvDfpXrkQPHbd7ttsi1optXdonBkNgifQM8Jk-5-5F5JMj-1LuuUfJnS1pUns78N3_1XnmSl5X8bwieKW4Aw_6pJoZh1yjZAgevQ0HFZ-bqXEHHLUpdU7rulhExQeV_86gNQbq1dYT81gSyvW0wP4weFJS2BpvMDGDp_lgq4Y2Z4hUl4dNvhhiLcPSPGhmVhO8dV4WRuOrhEQ=s96-c,111329573424584139920,daniel.enenmoh@gmail.com,Krypto,https://lh3.googleusercontent.com/a-/ALV-UjWvTRkweJHircMxLAKP3pJRFy56p3bX8c1P1pzoq4oUi-CsXzYKX5KT0jQNa9z3PG6WEZFT6sBDqni6Yf4Ex0eymI5fqBg6mg7VWGUYscV5UzXHebE7lZ8iCc7a4OVk5ZJ8bs-jm31-J_9pmt4IegC5UNe_xYhDTLR8H9cKvRqNaUYc3Zs9Ao206levGCgqRi8HCORkJq5tRKFskTn-3qUrR45ENFEy38YkakXUQ4Ap2oBM73ySCouOPd-48dsLnsfK0v_SxvWWsOkjruN79wmdfopNf-Wl42F44XFJRN8joZD93KNxRPrNAOS2XphACmARP3GO-vKDR_7HNLhs5B0BaMAi3R14DbFktcvHlp0IkHpRHLYgIglHgHOPhA00EnMlm3DDv2W8ZHuwlbYpZ0oSXNaYFMlmSgxdtFuI9HVSw3jCmYMqiFqbZLOC9Ikk-0PZhV-waZUdbnyk-Ptq3jnMS_H2cnCudD0x6zzS2t7wl0gs27C94qIXcXFQ_cjzuOjm_IUWi9Pwxg3EGcpj7vOeZiOJro0GOThnaOuFkL4rP0yQ-fUFvpb8EyJlC2eUHOAPlSrMABiWP1h8cYH0EEjbU4Bo65e1BENaDk4f_ntKm_dcnfj2smaMHLouWoCKF95nI7AOICK2mWD6NeJTujyH21tmLMhT18ZmuUbPuC6oyD7uSjFOk72qLihWRLZoVCci26j3irXvOuby-Ld1WLt3C_aOUStJdZsVKoFe57tjJykfDobB0yGa7FCvCGzC93dWE_8pSJeigf6-fl-yAJg_8Uws5YULloQHhKfaz2w1oWVOMQ3afuPkbTZXvs2U6sjFR6tBfQr_JrSXfyWlDNWhzyoF3XMosLxLZs6Y8oQiSHdOXTkMOB0yL-uIiS5QfQcIJKZm_zpJGel8y2CiaEwbaAcrnOM6BgmqZ7I4nm2ITgFuyDKGrC4r7IGDzBm4d_YAeTRBha6rqPR35ZEKJMpHUqK0h_7k8tpnofXdSgHvph754OczTgWvOy5wLn882s8Y2Yd1wVdnJdvzcLVlNBFxPeJp-YOQYlCKk5jvKuagwLTVDrDTulCGeFM=s96-c,,,,,,,,,,,,,1781722154203,1786540429882,,,,,,,,,,,,,,,,,,,,,,,,,,,,
6r0AbTjOHteCQ8RFqlueGZwMRNw1,hameedahsherifff@gmail.com,true,,,Hameedah Sherif,https://lh3.googleusercontent.com/a/ACg8ocJDE45QNeoaGFc-nX6r9FBXzxz7MRJwkF7loejwzCYsF_WmdQ=s96-c,110118953032885976045,hameedahsherifff@gmail.com,Hameedah Sherif,https://lh3.googleusercontent.com/a/ACg8ocJDE45QNeoaGFc-nX6r9FBXzxz7MRJwkF7loejwzCYsF_WmdQ=s96-c,,,,,,,,,,,,,1781632412663,1785605515036,,,,,,,,,,,,,,,,,,,,,,,,,,,,
7QHCZUveP7a0LLpjW8qGPInKCvF2,queenestherchi2009@gmail.com,true,,,Queenesther Isiguzo,https://lh3.googleusercontent.com/a/ACg8ocJ_7lF_KPa4uQbgFOrtnT87qGCrDujuRN71PnPQFACcm-sgfw=s96-c,116602866629899959885,queenestherchi2009@gmail.com,Queenesther Isiguzo,https://lh3.googleusercontent.com/a/ACg8ocJ_7lF_KPa4uQbgFOrtnT87qGCrDujuRN71PnPQFACcm-sgfw=s96-c,,,,,,,,,,,,,1782031773782,1785936799192,,,,,,,,,,,,,,,,,,,,,,,,,,,,
7aHw9BKiyphaUIamtu0273DnTij1,ayoniolamoyegun26@gmail.com,true,,,ayoni olamoyegun,https://lh3.googleusercontent.com/a/ACg8ocKWvLCoMsR4AE0kD47OFUCbz2tSZXD_4gkFelKvE0nNhX7QfTw=s96-c,106838364373795378104,ayoniolamoyegun26@gmail.com,ayoni olamoyegun,https://lh3.googleusercontent.com/a/ACg8ocKWvLCoMsR4AE0kD47OFUCbz2tSZXD_4gkFelKvE0nNhX7QfTw=s96-c,,,,,,,,,,,,,1782038261042,1785997442782,,,,,,,,,,,,,,,,,,,,,,,,,,,,
84281Xbb8zgBuCeX6TUR37ZuSpn2,lauraanbua@gmail.com,true,,,anbua Laura,https://lh3.googleusercontent.com/a/ACg8ocLkaGYnMRkRpkWzsjh3XahE_MHlsD8bBcaDqmaP5LbkoPRKF2U=s96-c,104860711659872894969,lauraanbua@gmail.com,anbua Laura,https://lh3.googleusercontent.com/a/ACg8ocLkaGYnMRkRpkWzsjh3XahE_MHlsD8bBcaDqmaP5LbkoPRKF2U=s96-c,,,,,,,,,,,,,1781634613631,1785513418007,,,,,,,,,,,,,,,,,,,,,,,,,,,,
8C8dbdXGI1aFu1XX9hVM5JoWe822,shewajelly@gmail.com,true,,,Sewa,https://lh3.googleusercontent.com/a/ACg8ocI-cMW32hgc3Qsbk4hVyT_D79WYHsJJ3ulgYdZJLz5jyV1oPjQI=s96-c,107549633452499304660,shewajelly@gmail.com,Sewa,https://lh3.googleusercontent.com/a/ACg8ocI-cMW32hgc3Qsbk4hVyT_D79WYHsJJ3ulgYdZJLz5jyV1oPjQI=s96-c,,,,,,,,,,,,,1782042590876,1782866783210,,,,,,,,,,,,,,,,,,,,,,,,,,,,
8CdBMHa0A7Sjk8x8AV6vwWDPYsB2,adielmusa98@gmail.com,true,,,Adiel Musa,https://lh3.googleusercontent.com/a/ACg8ocKDfrhHn8Vj78ArF_rUKuyUfzZB0KD4E2Yi4T322TqqehOlkx8=s96-c,110190626242721081289,adielmusa98@gmail.com,Adiel Musa,https://lh3.googleusercontent.com/a/ACg8ocJs1WDUeLrdNaNHpmCzoBZwE9tsMF5w7ruxJ9LceTEtG9BO6Io=s96-c,,,,,,,,,,,,,1782153483019,1785978081851,,,,,,,,,,,,,,,,,,,,,,,,,,,,
8J3cwpi9qMQjOItZdrbFPWPodbm1,ogbolerabi@gmail.com,true,,,Ogbole Rabi,https://lh3.googleusercontent.com/a/ACg8ocJnFeaSsqLFYl6AUnXoGJpIpZIxbzhzTYG1HYBEgDyyOsVWwA=s96-c,112790999492010426554,ogbolerabi@gmail.com,Ogbole Rabi,https://lh3.googleusercontent.com/a/ACg8ocJnFeaSsqLFYl6AUnXoGJpIpZIxbzhzTYG1HYBEgDyyOsVWwA=s96-c,,,,,,,,,,,,,1782152132591,1782152895266,,,,,,,,,,,,,,,,,,,,,,,,,,,,
8JGHEAC3TlNiLXU9gH4CqAbTE9b2,evulinemichael@gmail.com,true,,,Evuline Michael,https://lh3.googleusercontent.com/a/ACg8ocI9JwaZyFkS1Iw8rrQnQs4703W7bjZd1aFVz5q-7JhoVD66ICY7aQ=s96-c,102232807394702801093,evulinemichael@gmail.com,Evuline Michael,https://lh3.googleusercontent.com/a/ACg8ocI9JwaZyFkS1Iw8rrQnQs4703W7bjZd1aFVz5q-7JhoVD66ICY7aQ=s96-c,,,,,,,,,,,,,1781428822969,1790596009212,,,,,,,,,,,,,,,,,,,,,,,,,,,,
8RodMm5jH6XImNO86XY0uPR75XB3,angelbasil795@gmail.com,true,,,Angel Basil,https://lh3.googleusercontent.com/a/ACg8ocK1U3KaNw38M1ypgXw-sml_tywHK42nOuYLu_PcYuESvNaI=s96-c,113561774284064583172,angelbasil795@gmail.com,Angel Basil,https://lh3.googleusercontent.com/a/ACg8ocK1U3KaNw38M1ypgXw-sml_tywHK42nOuYLu_PcYuESvNaI=s96-c,,,,,,,,,,,,,1781876926829,1781876926829,,,,,,,,,,,,,,,,,,,,,,,,,,,,
8fZBo3lebmdqRjUJRqvnXScdbnG3,johnechendu6@gmail.com,true,,,John Echendu,https://lh3.googleusercontent.com/a/ACg8ocLvbDN4fMr_UGAk-nMgUutqMN0CkBXAGnFtDLrqKhtlJ6gs8w=s96-c,118400981351295427496,johnechendu6@gmail.com,John Echendu,https://lh3.googleusercontent.com/a/ACg8ocLvbDN4fMr_UGAk-nMgUutqMN0CkBXAGnFtDLrqKhtlJ6gs8w=s96-c,,,,,,,,,,,,,1789148873510,1789148873511,,,,,,,,,,,,,,,,,,,,,,,,,,,,
8h3dvmNjSVSJRmgdtlidk4cH4Gg2,osakioduwaf@gmail.com,true,,,Osakioduwa Festus,https://lh3.googleusercontent.com/a/ACg8ocIpTx3Eio73n2gsDxnwkI2R9rBiMObrqgyJo3t8PYPcHRACwA=s96-c,112305754463108470098,osakioduwaf@gmail.com,Osakioduwa Festus,https://lh3.googleusercontent.com/a/ACg8ocIpTx3Eio73n2gsDxnwkI2R9rBiMObrqgyJo3t8PYPcHRACwA=s96-c,,,,,,,,,,,,,1783115904944,1786495678123,,,,,,,,,,,,,,,,,,,,,,,,,,,,
8sr2ruL0sJbnBzeXePj79ssuzSg1,akinmoladundaniel38@gmail.com,true,,,Daniel Akinmoladun,https://lh3.googleusercontent.com/a/ACg8ocL3KS-U6E2q-PEvtguVkN2lA0geH-EdEQHXPSQiIwKdl0XM2A=s96-c,108635248511829325371,akinmoladundaniel38@gmail.com,Daniel Akinmoladun,https://lh3.googleusercontent.com/a/ACg8ocL3KS-U6E2q-PEvtguVkN2lA0geH-EdEQHXPSQiIwKdl0XM2A=s96-c,,,,,,,,,,,,,1781627543562,1781627543562,,,,,,,,,,,,,,,,,,,,,,,,,,,,
8w0w4PrJFsUiMwwC1KooNKjAG5u1,aliciamotunrayo@gmail.com,true,,,Alicia Motunrayo,https://lh3.googleusercontent.com/a/ACg8ocJKq6rWOgslJv_MgjfgKW4cJF0S-DccUngLjGwfQW7iAQn3KQ=s96-c,107555199630931082270,aliciamotunrayo@gmail.com,Alicia Motunrayo,https://lh3.googleusercontent.com/a/ACg8ocJKq6rWOgslJv_MgjfgKW4cJF0S-DccUngLjGwfQW7iAQn3KQ=s96-c,,,,,,,,,,,,,1783370206531,1785634139305,,,,,,,,,,,,,,,,,,,,,,,,,,,,
9BzAdsi8JDOGwNL4xsHsgswnL6o2,jabulanisizwe243@gmail.com,true,,,Sizwe Jabulani,https://lh3.googleusercontent.com/a/ACg8ocLrHgdo3-5sY74G8V6HWp2rG6xDcgOoSC7QseFnlCWD4uahM6Fs=s96-c,112656850487574705642,jabulanisizwe243@gmail.com,Sizwe Jabulani,https://lh3.googleusercontent.com/a/ACg8ocLrHgdo3-5sY74G8V6HWp2rG6xDcgOoSC7QseFnlCWD4uahM6Fs=s96-c,,,,,,,,,,,,,1782063313567,1782063313567,,,,,,,,,,,,,,,,,,,,,,,,,,,,
9SfwemK1WmeVQyxJ1ObRwnZxk0G2,johnsoje974@gmail.com,true,,,Soje John,https://lh3.googleusercontent.com/a/ACg8ocKGnlxz4IhZajHHlrBnFVF-CySSlb5ZzkpgVppMOCwnzKq2Hw=s96-c,116813601413013254957,johnsoje974@gmail.com,Soje John,https://lh3.googleusercontent.com/a/ACg8ocKGnlxz4IhZajHHlrBnFVF-CySSlb5ZzkpgVppMOCwnzKq2Hw=s96-c,,,,,,,,,,,,,1781812328810,1783410636539,,,,,,,,,,,,,,,,,,,,,,,,,,,,
9ZJ5QVedk1cy2ULHUmupJ7LrIQW2,joshuadafang@gmail.com,true,,,Dafang Joshua,https://lh3.googleusercontent.com/a/ACg8ocJDZr_sqTjHTMSnKb5ABheT7vTHXA9ylMz2ripFfLNe60ZtfQ=s96-c,101009642055100721601,joshuadafang@gmail.com,Dafang Joshua,https://lh3.googleusercontent.com/a/ACg8ocJDZr_sqTjHTMSnKb5ABheT7vTHXA9ylMz2ripFfLNe60ZtfQ=s96-c,,,,,,,,,,,,,1782417870280,1782417870280,,,,,,,,,,,,,,,,,,,,,,,,,,,,
9pX3boZJsSNeuh80ircH1Jj8vII2,abbymony802@gmail.com,true,,,Abi Monye,https://lh3.googleusercontent.com/a/ACg8ocJqTbumMZtSrF0yaybfOSvJDgqh9G2SoxnQnbIU-qKhpLsv4hFI=s96-c,107542324344223025097,abbymony802@gmail.com,Abi Monye,https://lh3.googleusercontent.com/a/ACg8ocJqTbumMZtSrF0yaybfOSvJDgqh9G2SoxnQnbIU-qKhpLsv4hFI=s96-c,,,,,,,,,,,,,1782074451264,1782941206803,,,,,,,,,,,,,,,,,,,,,,,,,,,,
9usgmOWB3PaeDsKcNEZoYVK6c223,josiah3fn@gmail.com,true,,,Josiah .D,https://lh3.googleusercontent.com/a/ACg8ocJA3JoVvUKutXvC6V9_MkHeSYgSSHepbHJvThPtXqCIrntGew=s96-c,113635136483788403749,josiah3fn@gmail.com,Josiah .D,https://lh3.googleusercontent.com/a/ACg8ocJA3JoVvUKutXvC6V9_MkHeSYgSSHepbHJvThPtXqCIrntGew=s96-c,,,,,,,,,,,,,1781630504622,1781630504623,,,,,,,,,,,,,,,,,,,,,,,,,,,,
AWwfKkMCX6W7liA46XaNZztnDLQ2,umargarbamaryaamah@gmail.com,true,,,Maryaamah Umar Garba,https://lh3.googleusercontent.com/a/ACg8ocJvJkhZyVjWDBDijZgmeD6mjM8X9QZTPTLToLV6dXViwYcXAQ=s96-c,111518108181251814939,umargarbamaryaamah@gmail.com,Maryaamah Umar Garba,https://lh3.googleusercontent.com/a/ACg8ocJvJkhZyVjWDBDijZgmeD6mjM8X9QZTPTLToLV6dXViwYcXAQ=s96-c,,,,,,,,,,,,,1781628846130,1781628846131,,,,,,,,,,,,,,,,,,,,,,,,,,,,
AedBV3K5dBXTMH1n0b6XrilQE5o2,mercytriumph90@gmail.com,true,,,Mercy Triumph,https://lh3.googleusercontent.com/a/ACg8ocLLhwDAdwzfm0W-GBuWjwOVjzXYKy2ORM5JYtknYRtciCrKTw=s96-c,115736764099866674477,mercytriumph90@gmail.com,Mercy Triumph,https://lh3.googleusercontent.com/a/ACg8ocLLhwDAdwzfm0W-GBuWjwOVjzXYKy2ORM5JYtknYRtciCrKTw=s96-c,,,,,,,,,,,,,1783456120786,1786341962055,,,,,,,,,,,,,,,,,,,,,,,,,,,,
AsHUTclo9idA7yBTaQMmEtuLEM32,c3e1vee@gmail.com,true,,,Ceee,https://lh3.googleusercontent.com/a/ACg8ocLAJtR73XVCUkA32udqnFy6Zk0z7okBjNNNzglAJT6L54KuaQ=s96-c,105560701237830148394,c3e1vee@gmail.com,Ceee,https://lh3.googleusercontent.com/a/ACg8ocLAJtR73XVCUkA32udqnFy6Zk0z7okBjNNNzglAJT6L54KuaQ=s96-c,,,,,,,,,,,,,1781799179169,1781799179169,,,,,,,,,,,,,,,,,,,,,,,,,,,,
Axt4bnfGHMXSgrMJIEDuktU3Xci2,chinazomebuka1@gmail.com,true,,,Chukwuebuka Chinazom,https://lh3.googleusercontent.com/a/ACg8ocLjBr_lTjBDn9gGcKCpxOB_8tY3PwbNqBYE8GZBcqOFsdx1e798=s96-c,108950472460519488049,chinazomebuka1@gmail.com,Chukwuebuka Chinazom,https://lh3.googleusercontent.com/a/ACg8ocLjBr_lTjBDn9gGcKCpxOB_8tY3PwbNqBYE8GZBcqOFsdx1e798=s96-c,,,,,,,,,,,,,1781731557444,1781731557445,,,,,,,,,,,,,,,,,,,,,,,,,,,,
BX6Mdeh8V5hjsMVKQlL8a2GK9DZ2,kamalevashala@gmail.com,true,,,Vashala Kamale,https://lh3.googleusercontent.com/a/ACg8ocII2cpAz_-XgHkoP-tY2RXhmbTN0qicYu1rnyct5WOXbT0gqgLT=s96-c,116978358756086472097,kamalevashala@gmail.com,Vashala Kamale,https://lh3.googleusercontent.com/a/ACg8ocII2cpAz_-XgHkoP-tY2RXhmbTN0qicYu1rnyct5WOXbT0gqgLT=s96-c,,,,,,,,,,,,,1781655436972,1781655436972,,,,,,,,,,,,,,,,,,,,,,,,,,,,
Bkz568qKmNbHSrLDT4Q4o4NQjNX2,fatima.inuwa014@gmail.com,true,,,Fatima Muhammad Inuwa,https://lh3.googleusercontent.com/a/ACg8ocJzImOtJG0BPN7vogTk2AUSYGKliSvehI9hF8j92e8iNY0iRw=s96-c,103531665260288571634,fatima.inuwa014@gmail.com,Fatima Muhammad Inuwa,https://lh3.googleusercontent.com/a/ACg8ocJzImOtJG0BPN7vogTk2AUSYGKliSvehI9hF8j92e8iNY0iRw=s96-c,,,,,,,,,,,,,1781632583067,1784997004951,,,,,,,,,,,,,,,,,,,,,,,,,,,,
BopQUYMTf6d4R7UvA7lq35QjfWY2,obichiamanda765@gmail.com,true,,,Chiamanda Obi,https://lh3.googleusercontent.com/a/ACg8ocJ9643-0GSmt5e69oEn1Z7KN-84pXRrm-0VdQZQ4DML0GOnHg=s96-c,105852493566842204297,obichiamanda765@gmail.com,Chiamanda Obi,https://lh3.googleusercontent.com/a/ACg8ocJ9643-0GSmt5e69oEn1Z7KN-84pXRrm-0VdQZQ4DML0GOnHg=s96-c,,,,,,,,,,,,,1781894058301,1781894058301,,,,,,,,,,,,,,,,,,,,,,,,,,,,
CC4gJPkiJ5WWehamyLt87QZscs82,olupraise031@gmail.com,true,,,Praise Oluwatosin,https://lh3.googleusercontent.com/a/ACg8ocJpsohR1xyU_gzECe4XdLDlom6dIO9Er9Tys5-3SyLWBa3J1w=s96-c,111231813239348528728,olupraise031@gmail.com,Praise Oluwatosin,https://lh3.googleusercontent.com/a/ACg8ocJpsohR1xyU_gzECe4XdLDlom6dIO9Er9Tys5-3SyLWBa3J1w=s96-c,,,,,,,,,,,,,1781767653542,1782865449558,,,,,,,,,,,,,,,,,,,,,,,,,,,,
DHygR5mG6CTNbmKdCEvLiJ4EWgA2,semilorea.731@gmail.com,true,,,Oluwasemilore Abayomi,https://lh3.googleusercontent.com/a/ACg8ocL4H_WtBni9WQqiTG0cQbCgafa7p_q2lWtni7T1ASLASlFU8A=s96-c,116428842261651369066,semilorea.731@gmail.com,Oluwasemilore Abayomi,https://lh3.googleusercontent.com/a/ACg8ocL4H_WtBni9WQqiTG0cQbCgafa7p_q2lWtni7T1ASLASlFU8A=s96-c,,,,,,,,,,,,,1781627743086,1781627743086,,,,,,,,,,,,,,,,,,,,,,,,,,,,
DLCVauSQHjTVSvDJgeGEehI2v9a2,vicbig416@gmail.com,true,,,Big vic,https://lh3.googleusercontent.com/a/ACg8ocLa4osUlHTZw9O2PVl0-AM9Y-Q2HOo6ft-J1WHY8mD4oN8RLw=s96-c,115910417518429679555,vicbig416@gmail.com,Big vic,https://lh3.googleusercontent.com/a/ACg8ocLa4osUlHTZw9O2PVl0-AM9Y-Q2HOo6ft-J1WHY8mD4oN8RLw=s96-c,,,,,,,,,,,,,1782043346770,1785690493698,,,,,,,,,,,,,,,,,,,,,,,,,,,,
DXR0Mz6fjocgAq0uewSnstKX2u32,victorthaddeaus@gmail.com,true,,,Victor Thaddeaus,https://lh3.googleusercontent.com/a/ACg8ocJnLbczEbbBkXXfqVSjLmn-nETsCYiW4a1JJ_AfN-ihUU82Nw=s96-c,105586579725663578209,victorthaddeaus@gmail.com,Victor Thaddeaus,https://lh3.googleusercontent.com/a/ACg8ocJnLbczEbbBkXXfqVSjLmn-nETsCYiW4a1JJ_AfN-ihUU82Nw=s96-c,,,,,,,,,,,,,1781702583532,1786208271422,,,,,,,,,,,,,,,,,,,,,,,,,,,,
DgM4tWaESaeiO8X3Me39nH99j483,fechris89@gmail.com,true,,,Fen,https://lh3.googleusercontent.com/a/ACg8ocLbPrGBxMm1REnAD7JogCShVel-7r4DEqMN0uq2pI7qa6iffQ=s96-c,101528296963862487923,fechris89@gmail.com,Fen,https://lh3.googleusercontent.com/a/ACg8ocLbPrGBxMm1REnAD7JogCShVel-7r4DEqMN0uq2pI7qa6iffQ=s96-c,,,,,,,,,,,,,1782074416279,1785524272702,,,,,,,,,,,,,,,,,,,,,,,,,,,,
DoNuSNCIXNSvm4psov5Ia5Fpoyr1,oladipuporomlah@gmail.com,true,,,Romlah Oladipupo,https://lh3.googleusercontent.com/a/ACg8ocKO_kvyZhXBAoDdMqqa3kIJyi1GDy5QP_Ajtd4Z4ZeJhP0vXg=s96-c,101330677493286982072,oladipuporomlah@gmail.com,Romlah Oladipupo,https://lh3.googleusercontent.com/a/ACg8ocKO_kvyZhXBAoDdMqqa3kIJyi1GDy5QP_Ajtd4Z4ZeJhP0vXg=s96-c,,,,,,,,,,,,,1781917981150,1786056784974,,,,,,,,,,,,,,,,,,,,,,,,,,,,
Dworx0hkeKPkCIdWvFsga75J5vO2,blissbibiye@gmail.com,true,,,bliss phoebe,https://lh3.googleusercontent.com/a/ACg8ocLHSQkPs9oiojMmaBUr_7VD5z0h4qDjlkBb1-Qbz4w0jW3Thg=s96-c,101844334241550520955,blissbibiye@gmail.com,bliss phoebe,https://lh3.googleusercontent.com/a/ACg8ocLHSQkPs9oiojMmaBUr_7VD5z0h4qDjlkBb1-Qbz4w0jW3Thg=s96-c,,,,,,,,,,,,,1781638148786,1785398391665,,,,,,,,,,,,,,,,,,,,,,,,,,,,
EoN4mm9dPQYmdmhp5A9xgLXTZ8W2,goldwaale@gmail.com,true,,,Waale Gold,https://lh3.googleusercontent.com/a/ACg8ocJ5b0t_dgSbgsy-IolvTlcagXVX28agnk4h1yzOJTXRaJcU6A=s96-c,101750604787580471439,goldwaale@gmail.com,Waale Gold,https://lh3.googleusercontent.com/a/ACg8ocJ5b0t_dgSbgsy-IolvTlcagXVX28agnk4h1yzOJTXRaJcU6A=s96-c,,,,,,,,,,,,,1782338267046,1786500209080,,,,,,,,,,,,,,,,,,,,,,,,,,,,
EsNPTxIj8JWzHROHLbehBRzCFrx1,ptk2obaremi@gmail.com,true,,,Princess Obaremi,https://lh3.googleusercontent.com/a/ACg8ocJ0jP7tnXt2LzGwpqls2Dc_ed-J8flOdbXrtAUXrPzey_sDwV_i=s96-c,111558436497789999596,ptk2obaremi@gmail.com,Princess Obaremi,https://lh3.googleusercontent.com/a/ACg8ocJ0jP7tnXt2LzGwpqls2Dc_ed-J8flOdbXrtAUXrPzey_sDwV_i=s96-c,,,,,,,,,,,,,1782279195960,1785777665504,,,,,,,,,,,,,,,,,,,,,,,,,,,,
FHr4WFnDKyTbHCwTKrnyLRld9IX2,akpabiolizangelis2@gmail.com,true,,,Liz-angelis Akpabio,https://lh3.googleusercontent.com/a/ACg8ocKlHHAEcBlr6fwXfu1t8c22JyrTWdzFJDMJhvFPQvtmla9_kBA-=s96-c,118166736236855614867,akpabiolizangelis2@gmail.com,Liz-angelis Akpabio,https://lh3.googleusercontent.com/a/ACg8ocKlHHAEcBlr6fwXfu1t8c22JyrTWdzFJDMJhvFPQvtmla9_kBA-=s96-c,,,,,,,,,,,,,1783599352691,1786414786875,,,,,,,,,,,,,,,,,,,,,,,,,,,,
FnclsBdVHubOBt93Ft8adbYPWcF2,princesseunjin1@gmail.com,true,,,Princess Eunjin,https://lh3.googleusercontent.com/a/ACg8ocLZqo-TcohW6BnL6dMNbkpuE1LMQwZxuQ7K5eiyIJSqsDZnAGQ=s96-c,103977335026910212285,princesseunjin1@gmail.com,Princess Eunjin,https://lh3.googleusercontent.com/a/ACg8ocLZqo-TcohW6BnL6dMNbkpuE1LMQwZxuQ7K5eiyIJSqsDZnAGQ=s96-c,,,,,,,,,,,,,1785177026195,1786411950982,,,,,,,,,,,,,,,,,,,,,,,,,,,,
GBH33OMYVtO7IpKgM84p11tQzBs1,wyuxuan463@gmail.com,true,,,吴宇轩,https://lh3.googleusercontent.com/a/ACg8ocIOndnuqhoOSg7P3mPZTMVIFM1Y3n_cM4a-tBL-B0En99AJyg=s96-c,116181983296075822051,wyuxuan463@gmail.com,吴宇轩,https://lh3.googleusercontent.com/a/ACg8ocIOndnuqhoOSg7P3mPZTMVIFM1Y3n_cM4a-tBL-B0En99AJyg=s96-c,,,,,,,,,,,,,1781726953542,1782139075873,,,,,,,,,,,,,,,,,,,,,,,,,,,,
HmPz6zMPpxbDWBvdXfFH3a46cA73,ayomikunbalogun96@gmail.com,true,,,Ayomikun Balogun,https://lh3.googleusercontent.com/a/ACg8ocLOL2x6Z_WR1sqMV-jOzhM4ijL-FVMRlnObUOCji1rWlrUssQ=s96-c,114683087299165123045,ayomikunbalogun96@gmail.com,Ayomikun Balogun,https://lh3.googleusercontent.com/a/ACg8ocLOL2x6Z_WR1sqMV-jOzhM4ijL-FVMRlnObUOCji1rWlrUssQ=s96-c,,,,,,,,,,,,,1785169913118,1786451605965,,,,,,,,,,,,,,,,,,,,,,,,,,,,
I2W8KkUaqocf391SFxeJht80kv63,ummulfazlhaske@gmail.com,true,,,Ummulfazl Haske,https://lh3.googleusercontent.com/a/ACg8ocK90TkHWNrJJ8wkZcXiu1kH7FLY_6YWLif25Y5--0dNmMo53A=s96-c,102950388992925001117,ummulfazlhaske@gmail.com,Ummulfazl Haske,https://lh3.googleusercontent.com/a/ACg8ocK90TkHWNrJJ8wkZcXiu1kH7FLY_6YWLif25Y5--0dNmMo53A=s96-c,,,,,,,,,,,,,1781725217203,1784730045233,,,,,,,,,,,,,,,,,,,,,,,,,,,,
IHwEK0ystzZHbjwmfZ6R73MNRu73,eeshaatta09@gmail.com,true,,,Aisha Atta,https://lh3.googleusercontent.com/a/ACg8ocLXM3BB6zhwVYGzfxPEOUESCmLLgnQgfbRgq-dFaxBK7WEfEfg=s96-c,110447563302862856034,eeshaatta09@gmail.com,Aisha Atta,https://lh3.googleusercontent.com/a/ACg8ocLXM3BB6zhwVYGzfxPEOUESCmLLgnQgfbRgq-dFaxBK7WEfEfg=s96-c,,,,,,,,,,,,,1785777809487,1785785593545,,,,,,,,,,,,,,,,,,,,,,,,,,,,
IkvJ9hezPuYcNr1SikBCadKjhfu1,joannatatabitrus@gmail.com,true,,,Joanna tata Bitrus,https://lh3.googleusercontent.com/a/ACg8ocJx1-TeGgmWchnZxRf39cU0CCc3UryVliijRGNBtVNr5nn1=s96-c,100944682989104468496,joannatatabitrus@gmail.com,Joanna tata Bitrus,https://lh3.googleusercontent.com/a/ACg8ocJx1-TeGgmWchnZxRf39cU0CCc3UryVliijRGNBtVNr5nn1=s96-c,,,,,,,,,,,,,1782470266043,1782470266044,,,,,,,,,,,,,,,,,,,,,,,,,,,,
JEJxWr3sMLgJE7IiQe0kavZkMi42,cike0950@gmail.com,true,,,Chibu Ike,https://lh3.googleusercontent.com/a/ACg8ocJbWrrMsr159mNV0cz0vGZz4FsmaNv80F1m3PpUu205i1LchQ=s96-c,109759622924541936263,cike0950@gmail.com,Chibu Ike,https://lh3.googleusercontent.com/a/ACg8ocJbWrrMsr159mNV0cz0vGZz4FsmaNv80F1m3PpUu205i1LchQ=s96-c,,,,,,,,,,,,,1782916822238,1782916822238,,,,,,,,,,,,,,,,,,,,,,,,,,,,
JJpseeAd71aG4IyFyDdbJNyJU9K2,nocap47b@gmail.com,true,,,Nocap,https://lh3.googleusercontent.com/a/ACg8ocKBjwA9IQp-rmo3NEF6crTO-_uSL2Tk5KDnU4DtBOvRy0vXWg=s96-c,106351216325182806181,nocap47b@gmail.com,Nocap,https://lh3.googleusercontent.com/a/ACg8ocKBjwA9IQp-rmo3NEF6crTO-_uSL2Tk5KDnU4DtBOvRy0vXWg=s96-c,,,,,,,,,,,,,1785175668156,1785175668157,,,,,,,,,,,,,,,,,,,,,,,,,,,,
JLs6MeKqw6T7atwSknmUJ8tOScn1,chioma.pmakike@gmail.com,true,,,Chioma Precious,https://lh3.googleusercontent.com/a/ACg8ocK0IMRWuMvBIkX9-PHt9o0cgLefdn3P_X2Bxb8N_6LOOKAIWg=s96-c,102728137675784245942,chioma.pmakike@gmail.com,Chioma Precious,https://lh3.googleusercontent.com/a/ACg8ocK0IMRWuMvBIkX9-PHt9o0cgLefdn3P_X2Bxb8N_6LOOKAIWg=s96-c,,,,,,,,,,,,,1781954491473,1785882003222,,,,,,,,,,,,,,,,,,,,,,,,,,,,
JTatjLUBtMPQ6fmLigP1NP8AtHH2,rejoicejulius2010@gmail.com,true,,,Rejoice Julius,https://lh3.googleusercontent.com/a/ACg8ocIEeL3M5r-XdE90WH5XB5-NqdYPDR8N-0tRPER0IC4-LKI2Iw=s96-c,111284445922007755661,rejoicejulius2010@gmail.com,Rejoice Julius,https://lh3.googleusercontent.com/a/ACg8ocIEeL3M5r-XdE90WH5XB5-NqdYPDR8N-0tRPER0IC4-LKI2Iw=s96-c,,,,,,,,,,,,,1785972598274,1786228018586,,,,,,,,,,,,,,,,,,,,,,,,,,,,
Jd1s6NLKovfqOPMq6SuH0VClLUN2,sparkiles98@gmail.com,true,,,sparqz,https://lh3.googleusercontent.com/a/ACg8ocLEpW0KDDRGZlEQ3uLy989uGHvMsoolgC2CB9TZrmfCPRLNpPk=s96-c,110590484614830663902,sparkiles98@gmail.com,sparqz,https://lh3.googleusercontent.com/a/ACg8ocLEpW0KDDRGZlEQ3uLy989uGHvMsoolgC2CB9TZrmfCPRLNpPk=s96-c,,,,,,,,,,,,,1781629899051,1786495935973,,,,,,,,,,,,,,,,,,,,,,,,,,,,
Je4YGTRT9WPkf1i5c3olht0DwrG3,josephajakaye4@gmail.com,true,,,Ajakaye Joseph,https://lh3.googleusercontent.com/a/ACg8ocL4bQTGFZ7IxLtt76zPhIHcqXvziFyAGrDDg6_FvlqFXx42Te95=s96-c,107178763909213852632,josephajakaye4@gmail.com,Ajakaye Joseph,https://lh3.googleusercontent.com/a/ACg8ocL4bQTGFZ7IxLtt76zPhIHcqXvziFyAGrDDg6_FvlqFXx42Te95=s96-c,,,,,,,,,,,,,1782392771481,1782392771481,,,,,,,,,,,,,,,,,,,,,,,,,,,,
Jr2weDqVP3bF0OgiFj1ZYwanBGG2,d8lapo@gmail.com,true,,,Ifedolapo,https://lh3.googleusercontent.com/a/ACg8ocIwMgfXO8HRcheUr7gVWRrWEAPlJhYnJnaeywgbGU-CX-kcxQ=s96-c,104525656593241362046,d8lapo@gmail.com,Ifedolapo,https://lh3.googleusercontent.com/a/ACg8ocIwMgfXO8HRcheUr7gVWRrWEAPlJhYnJnaeywgbGU-CX-kcxQ=s96-c,,,,,,,,,,,,,1781633667225,1782681194703,,,,,,,,,,,,,,,,,,,,,,,,,,,,
K4YnVJFAcsUjuvwtzgmCsYqQuRW2,bamangamufida@gmail.com,true,,,Mufida Bamanga,https://lh3.googleusercontent.com/a/ACg8ocISsiT3UN-UMqsQSDVkCiz_TWumTPahAf0jXqBq99SSdjpyXQ=s96-c,112052259812014567000,bamangamufida@gmail.com,Mufida Bamanga,https://lh3.googleusercontent.com/a/ACg8ocISsiT3UN-UMqsQSDVkCiz_TWumTPahAf0jXqBq99SSdjpyXQ=s96-c,,,,,,,,,,,,,1783258007941,1783258007941,,,,,,,,,,,,,,,,,,,,,,,,,,,,
K7MEKJUdmzfaWFIgT5zD2pFwfzm1,idaraobongceline@gmail.com,true,,,celine okon,https://lh3.googleusercontent.com/a/ACg8ocKeczo43xMj3TQ-lo7Zq_fDtHVl8a98_ZLZAfSXx0jYM8W_lvI=s96-c,108712207965099786722,idaraobongceline@gmail.com,celine okon,https://lh3.googleusercontent.com/a/ACg8ocKeczo43xMj3TQ-lo7Zq_fDtHVl8a98_ZLZAfSXx0jYM8W_lvI=s96-c,,,,,,,,,,,,,1781627579443,1781627579443,,,,,,,,,,,,,,,,,,,,,,,,,,,,
KH5aQQDtvqfjmp1wSbfznFiJhVp1,ukpongkrystal2@gmail.com,true,,,Krystal Ukpong,https://lh3.googleusercontent.com/a/ACg8ocIxBBY1KXL-GwW0-h5hq05bafW6wAR2q3zRLa1Dc7Lr17LDW4o=s96-c,105098504436850729063,ukpongkrystal2@gmail.com,Krystal Ukpong,https://lh3.googleusercontent.com/a/ACg8ocIxBBY1KXL-GwW0-h5hq05bafW6wAR2q3zRLa1Dc7Lr17LDW4o=s96-c,,,,,,,,,,,,,1782056893812,1782056893812,,,,,,,,,,,,,,,,,,,,,,,,,,,,
KScI1N9hRJUgLOuW8mk9WZgSQvu1,aminaal.amin001@gmail.com,true,,,Amina,https://lh3.googleusercontent.com/a/ACg8ocLnU9DuFGSVsSudnARy_BcVtSoZJ7CGg1Gku-s0nZ48hmEjyg=s96-c,116207684836314750987,aminaal.amin001@gmail.com,Amina,https://lh3.googleusercontent.com/a/ACg8ocLnU9DuFGSVsSudnARy_BcVtSoZJ7CGg1Gku-s0nZ48hmEjyg=s96-c,,,,,,,,,,,,,1782043877612,1782043877612,,,,,,,,,,,,,,,,,,,,,,,,,,,,
KioZiixNehdUlXkXewskJXnlkYV2,okudochisom9@gmail.com,true,,,Okudo Chisom,https://lh3.googleusercontent.com/a/ACg8ocIsfSSamNlcWQLjo8n3ZSTUE4Y9F92uOIRVH5JZqSxgFoqd9w=s96-c,110161737057102774306,okudochisom9@gmail.com,Okudo Chisom,https://lh3.googleusercontent.com/a/ACg8ocIsfSSamNlcWQLjo8n3ZSTUE4Y9F92uOIRVH5JZqSxgFoqd9w=s96-c,,,,,,,,,,,,,1781948283569,1786403352069,,,,,,,,,,,,,,,,,,,,,,,,,,,,
L2YClg0yH1hVUzJnjqr2n8SLtNh1,u.muhammad2k25@gmail.com,true,,,Usman Muhammad,https://lh3.googleusercontent.com/a/ACg8ocLH7KBDCicnem-AjcSOcMIlRIiOtzH6pY99YzMjGmbl3ldD4A=s96-c,109445906340083446623,u.muhammad2k25@gmail.com,Usman Muhammad,https://lh3.googleusercontent.com/a/ACg8ocKcs9Y3sAsDhSO6-wvjaWhniONq-DLFtNy5-AmuXVkTLTfBMDhS=s96-c,,,,,,,,,,,,,1781539947606,1785869264269,,,,,,,,,,,,,,,,,,,,,,,,,,,,
LXtql3tcZsVq7Tn2OynniW0oeJn2,eniolaijelu2025@gmail.com,true,,,Eniola Ijelu,https://lh3.googleusercontent.com/a/ACg8ocLVBx6mVuSV1GDarcYFXueaVwQYkrdaHhK21t0vcG0EmEBzY4c=s96-c,112689443779120248799,eniolaijelu2025@gmail.com,Eniola Ijelu,https://lh3.googleusercontent.com/a/ACg8ocLVBx6mVuSV1GDarcYFXueaVwQYkrdaHhK21t0vcG0EmEBzY4c=s96-c,,,,,,,,,,,,,1782848765114,1786547403953,,,,,,,,,,,,,,,,,,,,,,,,,,,,
LZPDY3Jt28cVngmkjyfGaO1a9Kf1,oluwasegunbalogun84@gmail.com,true,,,Oluwasegun Balogun,https://lh3.googleusercontent.com/a/ACg8ocIii6Rh6xHpYsiAqxxqVOj5ambr_M16pOVNnRF-4wgdrLm2WA=s96-c,104225245126005682898,oluwasegunbalogun84@gmail.com,Oluwasegun Balogun,https://lh3.googleusercontent.com/a/ACg8ocIii6Rh6xHpYsiAqxxqVOj5ambr_M16pOVNnRF-4wgdrLm2WA=s96-c,,,,,,,,,,,,,1781722112152,1781722112153,,,,,,,,,,,,,,,,,,,,,,,,,,,,
LesuOYo1AwSeWw3Fg27MHUEVbt23,preetang25@gmail.com,true,,,Precious Etangetuk,https://lh3.googleusercontent.com/a/ACg8ocIOotXvqOg5kP8GClaaPmlEgMF-3it8xLu_dveYSYc67knYZw=s96-c,113898013058935990087,preetang25@gmail.com,Precious Etangetuk,https://lh3.googleusercontent.com/a/ACg8ocIOotXvqOg5kP8GClaaPmlEgMF-3it8xLu_dveYSYc67knYZw=s96-c,,,,,,,,,,,,,1782682077055,1783449612355,,,,,,,,,,,,,,,,,,,,,,,,,,,,
Mr2yLFyL9KOrl1X95EiHSEcAGYF2,awahdubem@gmail.com,true,,,Chidubem Awah,https://lh3.googleusercontent.com/a/ACg8ocIm49Xv4XaJpl3HDl_mkBolmqO84_QOIr8cibAt2BijZp2-oaY=s96-c,117526791807307150615,awahdubem@gmail.com,Chidubem Awah,https://lh3.googleusercontent.com/a/ACg8ocIm49Xv4XaJpl3HDl_mkBolmqO84_QOIr8cibAt2BijZp2-oaY=s96-c,,,,,,,,,,,,,1782033583603,1786305348618,,,,,,,,,,,,,,,,,,,,,,,,,,,,
NO8M5InfgmgyUuyjQEmbGiFabRa2,hyadfeeeeza26@gmail.com,true,,,Hafeeza Waidi,https://lh3.googleusercontent.com/a-/ALV-UjXu8seGfryEQZvq0EuM77TiYpR3LSs42aeKxL1cVq3GhqryS279ZHjWxjKlDs8FftmmGpUeQbYi-DMrI04qZtCAMtJ5rWf3oPAxASeG4UHKD3_yuotS3Ju2d6h-kkvpW3zn8QDVw0awD3GvB6aIDRoUO_aqpjVq-AV3vuY5oJ7FA1t3oqaS2JeVJDtziFLmUfUOoD-4WDacUY2jOqHAzminZu6Y1jBaMUqrWekeFETESJ_77rlB2figRCw-v6gg9xpcUdp_3jezIq32GfK8fQHW4YZLCw3ogFn4yZQ2nfErfG22EJvVnIq3eo3xNaYZgpR2oB9yTwdEPWo9RIh0qY-1QLWK-VM4nTMYU-FkAZr4FxJH1zZfxzo-689py2s6Fvx-Hb1bncf41YkBYjSy0ij62S3BUgHbxo7Mb1Yd3i5HvW2wrFTfAj_KMtWKdV4o3nIVf3bDzBPgnqLJ8xcMTvH8LYPyG3av4FWBMpZpXl2xzo6rJsUkfFaGsztX8koUBXN03Tm067fY2FpXXzp8ItXa_EV3ie-j_VNn-zZun_4DWGTYnu88omw3F0_bgysoimWlkxFtO-YPwDQuJzFMZ6zeFHbgFJNnu4kc5d-L-GphtSbkpnpboa2inh7vUhYNjqEUOzjq_7QWqr5sl8UV7VJq3yJ-7EwdXzYJZNIfHGx-Ut6y8UpVm55Volmn3eOh9GNaAbAA4QPY0H4mSCgb3fcXVvyq9sH86A8OYXJJRbrX3ksJqjWVTkDu8cm9VUKWOs1DwR1Dj_2Zeyyb20ekxYWIC7LbIC2s9Xt5O1taDFjeYLTHQKiHFnRcb0giIfXaHFexC4f8DHmZvqSQOhP2ofsOa2PlTKjddQ226nJv4jkE3gIFMW3SyEELH0goI2ADIg1Zwvv7mZaHQSwiDV70sJPD5U6YAD3GSMPCDDpi45ChBvYhiamU84eGbM7FDCGBWRdnHSmgPQIRyuRSEaoTBHFEF5RWwN6NerwU0oYPQHpC6dP2eItNTdRbAq0pX5539yAXBC4XHh9KTZ_7nRE0Q77YJ00z_KsH3bMTi8O7n00RntPQ1vx7Gg=s96-c,104219656812003970314,hyadfeeeeza26@gmail.com,Hafeeza Waidi,https://lh3.googleusercontent.com/a-/ALV-UjXwC6tY0R-xmN1eyBzFRGVgcEvCLmtImnepaREAlcFVbsNNX2aUWdLwIWzumYg2wofHpUQGLQjIgyVpE7deByhP6Yq0emABt8kqAMZm3kSL1z00w6WmYWL5q6cJ3aB_-f3lqgIAUAA7qbr2tvq_059IcrUd5JjfmKSlQ6fD-qbaRZyB47C7W6Bn5XBqP-XsRDXisDaxwNmtPy5-AIQ54I_R15jRuVyvyU9s9rMUM1MGgapX5WW4blItdAYIS_lvaQ79QtuPoEPsEnlCAfNg6p4lXBsAbyqoQTSpX4NzOL4fUM4mcHufPSffkn2sKj2rSxL6zBfmwE6vUf_UTLouLZI7MV_c__us2mLnFN8OMXnu0pvM0kn9nTfsNKZHTWO8cgYVcvWZLlKbijoTfEsoU0BlzrJLH36FfJqxw_8w-u8KwrgWtWcZUdNg77SO1fHjlSb0rW2crXEwSFFnu4xvEf4AS1aCfDE24tAaluCLcIflNEwACHfc2X4kLct5_7MW-iTTczrrU04uOEATS5G7mCnH4IX4r8lwKMKbobi9ir9YrhDXJ1cTgUfgJoWF44L0JsST6eYXjVDgZT18BLdRf9WBitcorZgzhP1x-CvB2ibHJ56mE7ccvhH-ZFXfCZvu_oUb48jK1ZbREtpGw9cEhAI9hqJQ03VPJTXOoI58Tp7VntuOpNiuvTZhH-5wQ975ArvAX3-XWpEuLgSL1SgiXHphTf8U2Q_27cPnRt8_3u-7NRgTKUaysYYYCM72LVlNDe-P9vJZwhjb4x9CIBmwbaBLeVuHQG6D28-Zb84GvEeqPsjZqHhA9Xx2VWiP0nhzgx3tYeaSluQB_2aBgNd_udeJcg3US_ieOa6Xf6kuYyH2ViAOawqp2A8kChnSPhEf35l-jP48kIL4pbDCByePcuJt7SV30yaVJuyqusxid_oDJO9dMfd5iYp4sqVCCK0XETey4MrJXy05u-ZRVXOQKFviY6aHuBzvbBh6t3LLYVpUfUVuCGWE0Nyi_8Znma9q-OewEnce9j8E_4p9NZmus6NSSpbDksafK5xiForqbgeduTPkum11-PfqMJY=s96-c,,,,,,,,,,,,,1781893407377,1785714099406,,,,,,,,,,,,,,,,,,,,,,,,,,,,
NtgreLOWVJZaBLJJDy0vDUvvhCJ2,adamamar207@gmail.com,true,,,Amar Adam,https://lh3.googleusercontent.com/a/ACg8ocJhl4U7LhiZf33fC7AZJWXE7ekPg0kc3MrkBKHb7SYwZNioIA=s96-c,106410311117867079163,adamamar207@gmail.com,Amar Adam,https://lh3.googleusercontent.com/a/ACg8ocJhl4U7LhiZf33fC7AZJWXE7ekPg0kc3MrkBKHb7SYwZNioIA=s96-c,,,,,,,,,,,,,1782498615425,1785791279574,,,,,,,,,,,,,,,,,,,,,,,,,,,,
O7ev1k2r25aJ2JYGF1Sw6mzRiKe2,chiemelieokafor2409@gmail.com,true,,,Chiemelie Okafor,https://lh3.googleusercontent.com/a/ACg8ocKJoC2AHcUM30rel27dei9WfdNYCK6gzwLRgG1G1Q8Y4wy4DA=s96-c,101147429229945081548,chiemelieokafor2409@gmail.com,Chiemelie Okafor,https://lh3.googleusercontent.com/a/ACg8ocKJoC2AHcUM30rel27dei9WfdNYCK6gzwLRgG1G1Q8Y4wy4DA=s96-c,,,,,,,,,,,,,1782059119448,1782658723500,,,,,,,,,,,,,,,,,,,,,,,,,,,,
OECe5iyEvjZ536SWilzXMcl2u332,yazeedmuazu@gmail.com,true,,,Yazeed Muazu,https://lh3.googleusercontent.com/a/ACg8ocLCOZFb_Uems3NbcE1tEWoI7O5taByDulzLb2w6yyYFPPWEYu8=s96-c,117091476118532665013,yazeedmuazu@gmail.com,Yazeed Muazu,https://lh3.googleusercontent.com/a/ACg8ocLCOZFb_Uems3NbcE1tEWoI7O5taByDulzLb2w6yyYFPPWEYu8=s96-c,,,,,,,,,,,,,1781705734731,1781705734732,,,,,,,,,,,,,,,,,,,,,,,,,,,,
OSkK4SbrWXeFUYPyvX75e6jnH4E3,yusufayish04@gmail.com,true,,,Aisha Yusuf,https://lh3.googleusercontent.com/a/ACg8ocLP6ywq2YOX7sWR1FH2rhtzeWROWkoXZWR5vsTkpEfmvvn1EGw=s96-c,107766800334897116803,yusufayish04@gmail.com,Aisha Yusuf,https://lh3.googleusercontent.com/a/ACg8ocLP6ywq2YOX7sWR1FH2rhtzeWROWkoXZWR5vsTkpEfmvvn1EGw=s96-c,,,,,,,,,,,,,1781722884270,1781723395937,,,,,,,,,,,,,,,,,,,,,,,,,,,,
OVPHPCd69KVLCJY8ExYwwkT9Cs73,fatimanagogo3@gmail.com,true,,,fatima nagogo,https://lh3.googleusercontent.com/a/ACg8ocLlpw-i7gctOtaik01poyZGnTfftWvPWTFUEeRfE-MoaKTIbg=s96-c,106520119482389077825,fatimanagogo3@gmail.com,fatima nagogo,https://lh3.googleusercontent.com/a/ACg8ocLlpw-i7gctOtaik01poyZGnTfftWvPWTFUEeRfE-MoaKTIbg=s96-c,,,,,,,,,,,,,1781627527596,1781627527597,,,,,,,,,,,,,,,,,,,,,,,,,,,,
Oqhg25yHUsQFIncsoT5Yae7asCA3,fauziaibrahim024@gmail.com,true,,,Fauzia Ibrahim,https://lh3.googleusercontent.com/a/ACg8ocJ0yQ375bvYt926MNVmHvBi7NX9a63s3oY9fVWBH107PkYqEwKX=s96-c,100013531239434109764,fauziaibrahim024@gmail.com,Fauzia Ibrahim,https://lh3.googleusercontent.com/a/ACg8ocJ0yQ375bvYt926MNVmHvBi7NX9a63s3oY9fVWBH107PkYqEwKX=s96-c,,,,,,,,,,,,,1781627995842,1782194713793,,,,,,,,,,,,,,,,,,,,,,,,,,,,
Os2ymGI1Tudui9saq1Rcbw4HXex2,cguy00264@gmail.com,true,,,Coded Guy,https://lh3.googleusercontent.com/a/ACg8ocIm4AnqoBj_nYRUDsZVLJkhMyYfS_rkjW6R3PWxqG28DrFUhw=s96-c,108239451204001228388,cguy00264@gmail.com,Coded Guy,https://lh3.googleusercontent.com/a/ACg8ocIm4AnqoBj_nYRUDsZVLJkhMyYfS_rkjW6R3PWxqG28DrFUhw=s96-c,,,,,,,,,,,,,1781435217657,1781435217657,,,,,,,,,,,,,,,,,,,,,,,,,,,,
OwCwYBIlEsSk736IsuIinkLEPLS2,tonytenkat@gmail.com,true,,,Tony Tenkat,https://lh3.googleusercontent.com/a/ACg8ocKM1M9nY8PKmTbLUnD6hDs3XqQf3o5ACzwoqZ1F1ksma6pSPfs=s96-c,114524010201621397452,tonytenkat@gmail.com,Tony Tenkat,https://lh3.googleusercontent.com/a/ACg8ocKM1M9nY8PKmTbLUnD6hDs3XqQf3o5ACzwoqZ1F1ksma6pSPfs=s96-c,,,,,,,,,,,,,1782827489607,1783431913194,,,,,,,,,,,,,,,,,,,,,,,,,,,,
PoLkwKOEU1b8rUXFQKUd6AIydNp2,uchennauchechukwu43@gmail.com,true,,,Uchechukwu Uchenna,https://lh3.googleusercontent.com/a/ACg8ocLrfiW_ZA2pHEqZwmLCcbBlq40Dug-LDc5cfhwVmTONCxAb=s96-c,106216883971002025940,uchennauchechukwu43@gmail.com,Uchechukwu Uchenna,https://lh3.googleusercontent.com/a/ACg8ocLrfiW_ZA2pHEqZwmLCcbBlq40Dug-LDc5cfhwVmTONCxAb=s96-c,,,,,,,,,,,,,1781711095261,1781711095261,,,,,,,,,,,,,,,,,,,,,,,,,,,,
Q9pJiLYELkdTHoyy12LDk5dAR292,muhammedbellokamaldeen7@gmail.com,true,,,Kamaldeen,https://lh3.googleusercontent.com/a/ACg8ocIJ4mD-tJ6ZsuTDrH1CPnEXokId_biHFGrb6oa1Zv8QrJtntQ=s96-c,118191728468955528821,muhammedbellokamaldeen7@gmail.com,Kamaldeen,https://lh3.googleusercontent.com/a/ACg8ocIJ4mD-tJ6ZsuTDrH1CPnEXokId_biHFGrb6oa1Zv8QrJtntQ=s96-c,,,,,,,,,,,,,1785170350253,1786371152623,,,,,,,,,,,,,,,,,,,,,,,,,,,,
QKUO88Fmh0a5tP6KplbWLXYKFE02,hudualmustapha92@gmail.com,true,,,Hudu Almustapha,https://lh3.googleusercontent.com/a/ACg8ocKm2_wmZmFtWqks7RIZKbYXjOIi_5NO3S9CeYVFGKelJl-oig=s96-c,115708760146283249765,hudualmustapha92@gmail.com,Hudu Almustapha,https://lh3.googleusercontent.com/a/ACg8ocKm2_wmZmFtWqks7RIZKbYXjOIi_5NO3S9CeYVFGKelJl-oig=s96-c,,,,,,,,,,,,,1781630691213,1786305020186,,,,,,,,,,,,,,,,,,,,,,,,,,,,
QXlXOCXLwfg9xGL8QE0eFn3Z8Qi2,beshelliviya@gmail.com,true,,,Liviya Beshel,https://lh3.googleusercontent.com/a/ACg8ocKMAtVsYeV5h8ArqXICrZ6vw17xhcVW2Ob4pxAek2oi1zMrWQ=s96-c,116038623933958849007,beshelliviya@gmail.com,Liviya Beshel,https://lh3.googleusercontent.com/a/ACg8ocKMAtVsYeV5h8ArqXICrZ6vw17xhcVW2Ob4pxAek2oi1zMrWQ=s96-c,,,,,,,,,,,,,1781910129232,1781910129232,,,,,,,,,,,,,,,,,,,,,,,,,,,,
RLm8SjqS58N85h7HEPwNqVYzhre2,josiah0532@gmail.com,true,,,Josiah,https://lh3.googleusercontent.com/a/ACg8ocJX6Q_JB6LsXW4zJDGW79ufGm8CgcOEizHVcXOFzFTxPnEH8w=s96-c,115071269645363356160,josiah0532@gmail.com,Josiah,https://lh3.googleusercontent.com/a/ACg8ocJX6Q_JB6LsXW4zJDGW79ufGm8CgcOEizHVcXOFzFTxPnEH8w=s96-c,,,,,,,,,,,,,1781630486698,1781630486698,,,,,,,,,,,,,,,,,,,,,,,,,,,,
Rm7Ir7AL4nRV1VkpX64hPBxgvs42,tiolwanimi@gmail.com,true,,,Tioluwanimi Opashina,https://lh3.googleusercontent.com/a/ACg8ocIZqodVuDztJE6OypUuMMUhMW8zCh4kozaHFawbbRLT33JlP0K7=s96-c,102495835296471593060,tiolwanimi@gmail.com,Tioluwanimi Opashina,https://lh3.googleusercontent.com/a/ACg8ocIZqodVuDztJE6OypUuMMUhMW8zCh4kozaHFawbbRLT33JlP0K7=s96-c,,,,,,,,,,,,,1782059152073,1783017588546,,,,,,,,,,,,,,,,,,,,,,,,,,,,
Rq8DFYh3uYMzQku8UB8PqBsaAAn2,tiyomatioma@gmail.com,true,,,Tioma Tiyoma,https://lh3.googleusercontent.com/a/ACg8ocKE0gohA3sGKoepffSCYhxfxZ9JJZkWFM0IJ6M_Owa3dw46ww=s96-c,116764406659540730598,tiyomatioma@gmail.com,Tioma Tiyoma,https://lh3.googleusercontent.com/a/ACg8ocKE0gohA3sGKoepffSCYhxfxZ9JJZkWFM0IJ6M_Owa3dw46ww=s96-c,,,,,,,,,,,,,1781818956781,1781818956781,,,,,,,,,,,,,,,,,,,,,,,,,,,,
RyRi3N7wVITEOsVVuT15Ez7WmtI2,momorelambo@gmail.com,true,,,Momoreoluwa Lambo,https://lh3.googleusercontent.com/a/ACg8ocJ5Hwd6mcaVbHhYzFPkV2YPSP4Y-gG4mw7X6PElqsk2PTOATA=s96-c,100761990011255215659,momorelambo@gmail.com,Momoreoluwa Lambo,https://lh3.googleusercontent.com/a/ACg8ocJ5Hwd6mcaVbHhYzFPkV2YPSP4Y-gG4mw7X6PElqsk2PTOATA=s96-c,,,,,,,,,,,,,1781637944569,1781637944569,,,,,,,,,,,,,,,,,,,,,,,,,,,,
S9SukLfoxCOxyuWdKO62PswKav43,lanreokeboluwatife@gmail.com,true,,,Boluwatife Lanre-Oke,https://lh3.googleusercontent.com/a/ACg8ocKwFt2LJeWL_YdZgwNe2_GbQVKMf8HrJtfP8XImmWaLdCik_Q=s96-c,104949148932069161427,lanreokeboluwatife@gmail.com,Boluwatife Lanre-Oke,https://lh3.googleusercontent.com/a/ACg8ocKwFt2LJeWL_YdZgwNe2_GbQVKMf8HrJtfP8XImmWaLdCik_Q=s96-c,,,,,,,,,,,,,1785324922438,1785579030881,,,,,,,,,,,,,,,,,,,,,,,,,,,,
SMaUQc1B2TTVgoswFPs4HqK5rDD2,siu79123@gmail.com,true,,,Chimdindu Eze,https://lh3.googleusercontent.com/a/ACg8ocK4lc4nR-aB5GFeg1EeSv4wgKQNq-6C-qpulorGt_Qe7HxXbQ=s96-c,107740003205604793719,siu79123@gmail.com,Chimdindu Eze,https://lh3.googleusercontent.com/a/ACg8ocK4lc4nR-aB5GFeg1EeSv4wgKQNq-6C-qpulorGt_Qe7HxXbQ=s96-c,,,,,,,,,,,,,1783941242991,1784610001324,,,,,,,,,,,,,,,,,,,,,,,,,,,,
Tz6NtvyNFvZqKa8iZj82Qggxax63,nifemipitan28@gmail.com,true,,,Nifemi Pitan,https://lh3.googleusercontent.com/a/ACg8ocJLtwuTvNOuWG11OY1ZMcNFKall2OKfkr7ynevucZbvxI6xJg=s96-c,113204495868476910628,nifemipitan28@gmail.com,Nifemi Pitan,https://lh3.googleusercontent.com/a/ACg8ocJLtwuTvNOuWG11OY1ZMcNFKall2OKfkr7ynevucZbvxI6xJg=s96-c,,,,,,,,,,,,,1782061654961,1782061654961,,,,,,,,,,,,,,,,,,,,,,,,,,,,
UMVpMZ4EEaYTrixJ9pj5pU5U4V03,diamondjackdell@gmail.com,true,,,Diamond Jackdell,https://lh3.googleusercontent.com/a/ACg8ocIoiZPLcjYJ2DRK7qXOmr27cX8mJunVKkm1cixxNXAvNYpVpUx-=s96-c,108957552966289817898,diamondjackdell@gmail.com,Diamond Jackdell,https://lh3.googleusercontent.com/a/ACg8ocIoiZPLcjYJ2DRK7qXOmr27cX8mJunVKkm1cixxNXAvNYpVpUx-=s96-c,,,,,,,,,,,,,1781630483007,1783622999716,,,,,,,,,,,,,,,,,,,,,,,,,,,,
Vd2XZDOe2dZuBCUgZe0nsshiU5D3,aceravaking3@gmail.com,true,,,Acerava King,https://lh3.googleusercontent.com/a/ACg8ocKBkcgZfx-ztN3I65EstpJTcUk5cP58wCcufvzy3QdVMI8R0Q=s96-c,108097429426846277300,aceravaking3@gmail.com,Acerava King,https://lh3.googleusercontent.com/a/ACg8ocKBkcgZfx-ztN3I65EstpJTcUk5cP58wCcufvzy3QdVMI8R0Q=s96-c,,,,,,,,,,,,,1782286643398,1782286643398,,,,,,,,,,,,,,,,,,,,,,,,,,,,
WRP6exxAZafSpmTkR8rJWAwXMz93,inemenoetim@gmail.com,true,,,Inemeno Etim,https://lh3.googleusercontent.com/a/ACg8ocL6Bwtg9sTIVIDSdZenbUxi3HhiurSkItVNIFhSbuazILJn_d0=s96-c,113761292135860071425,inemenoetim@gmail.com,Inemeno Etim,https://lh3.googleusercontent.com/a/ACg8ocL6Bwtg9sTIVIDSdZenbUxi3HhiurSkItVNIFhSbuazILJn_d0=s96-c,,,,,,,,,,,,,1782070712850,1786502138854,,,,,,,,,,,,,,,,,,,,,,,,,,,,
X1tpszyidlWUA6vDNRdIY7MILeL2,macdonaldmiracle14@gmail.com,true,,,Macdonald Miracle,https://lh3.googleusercontent.com/a/ACg8ocLOpBKRZlv04rOM7hSCdwV7RsmFK90ABQrChktEZNHqkTjeGQ=s96-c,115289555681323729924,macdonaldmiracle14@gmail.com,Macdonald Miracle,https://lh3.googleusercontent.com/a/ACg8ocLOpBKRZlv04rOM7hSCdwV7RsmFK90ABQrChktEZNHqkTjeGQ=s96-c,,,,,,,,,,,,,1781628436333,1781628436333,,,,,,,,,,,,,,,,,,,,,,,,,,,,
YL4vmCxldMdCIrROrK7a3JHqUTy1,adamsblessed91@gmail.com,true,,,Blessed Adams,https://lh3.googleusercontent.com/a/ACg8ocKao1ZgI0G2I5285pNyO-1uUfO7yW1anx7StoaGRxLhpu6s3w=s96-c,104920636791975840801,adamsblessed91@gmail.com,Blessed Adams,https://lh3.googleusercontent.com/a/ACg8ocKao1ZgI0G2I5285pNyO-1uUfO7yW1anx7StoaGRxLhpu6s3w=s96-c,,,,,,,,,,,,,1781861214263,1782861635588,,,,,,,,,,,,,,,,,,,,,,,,,,,,
ZItma5FcfEY8L7iFxwSsZyz28f03,madubuikechinwendu346@gmail.com,true,,,Chinwendu Madubuike,https://lh3.googleusercontent.com/a/ACg8ocLD4SCBNXekAU6KhgZD6844jRNFcdLolCS5DUEYF9Dr_V4a4g=s96-c,103293609537178644630,madubuikechinwendu346@gmail.com,Chinwendu Madubuike,https://lh3.googleusercontent.com/a/ACg8ocLD4SCBNXekAU6KhgZD6844jRNFcdLolCS5DUEYF9Dr_V4a4g=s96-c,,,,,,,,,,,,,1781627844695,1781627844695,,,,,,,,,,,,,,,,,,,,,,,,,,,,
ZQSDmqi1vhaQtwefojOA7DS8doO2,tsozahemen@gmail.com,true,,,Tso Zaza,https://lh3.googleusercontent.com/a/ACg8ocK_50iOY3iCMCCEhMfwJTmti5Rz3mXe_5dj6I7CP8fFvQmZhA=s96-c,101815591470537098847,tsozahemen@gmail.com,Tso Zaza,https://lh3.googleusercontent.com/a/ACg8ocK_50iOY3iCMCCEhMfwJTmti5Rz3mXe_5dj6I7CP8fFvQmZhA=s96-c,,,,,,,,,,,,,1781640868944,1781640868944,,,,,,,,,,,,,,,,,,,,,,,,,,,,
aJVQdp9nJhdw6c1uM0suel6Co8A2,awwalabdulkadiri2019@gmail.com,true,,,awwal abdulkadiri,https://lh3.googleusercontent.com/a/ACg8ocJsSDmFWvbw1kfdNnclT3rr68lClnv-x0Ga269GvQkaxYFkBA3c=s96-c,108909571371621207337,awwalabdulkadiri2019@gmail.com,awwal abdulkadiri,https://lh3.googleusercontent.com/a/ACg8ocJsSDmFWvbw1kfdNnclT3rr68lClnv-x0Ga269GvQkaxYFkBA3c=s96-c,,,,,,,,,,,,,1786034655018,1786034655018,,,,,,,,,,,,,,,,,,,,,,,,,,,,
aVNoMl0IGNeI5ENj9PWDhXW8hHA2,ohaekelemdeborah@gmail.com,true,,,Deborah Ohaekelem,https://lh3.googleusercontent.com/a/ACg8ocL3k9zFB3h3MwVffAcdIdGGVwAMYs0Y7N6NQ0t-DQ8GcXn_Nrg=s96-c,114088496792336182645,ohaekelemdeborah@gmail.com,Deborah Ohaekelem,https://lh3.googleusercontent.com/a/ACg8ocL3k9zFB3h3MwVffAcdIdGGVwAMYs0Y7N6NQ0t-DQ8GcXn_Nrg=s96-c,,,,,,,,,,,,,1782044621775,1785777490285,,,,,,,,,,,,,,,,,,,,,,,,,,,,
bNMgBsVAJAPOZ3RdKtgM6P3iPxr1,dahirutahir11@gmail.com,true,,,Muhammad Tahir,https://lh3.googleusercontent.com/a/ACg8ocIpUrKbbWwkFlDWPA4GBUo_s5PMJi65GAOFwIlhu3QtED7C_MHK=s96-c,110588899010550056255,dahirutahir11@gmail.com,Muhammad Tahir,https://lh3.googleusercontent.com/a/ACg8ocIpUrKbbWwkFlDWPA4GBUo_s5PMJi65GAOFwIlhu3QtED7C_MHK=s96-c,,,,,,,,,,,,,1781612221876,1785243976618,,,,,,,,,,,,,,,,,,,,,,,,,,,,
bqggcroep1TxbyAXTqShXVqExyH3,blessedadams52@gmail.com,true,,,Blessed Adams,https://lh3.googleusercontent.com/a/ACg8ocIkVPzIC_U80a7UAm3kqNx0aQnpaWCC8pKWzOdZkaGBpTW-1w=s96-c,106856783393519500724,blessedadams52@gmail.com,Blessed Adams,https://lh3.googleusercontent.com/a/ACg8ocIkVPzIC_U80a7UAm3kqNx0aQnpaWCC8pKWzOdZkaGBpTW-1w=s96-c,,,,,,,,,,,,,1781638078114,1781638078114,,,,,,,,,,,,,,,,,,,,,,,,,,,,
bwYciIC0h1RoQUDtfDeGcIJM4LB2,kadiriosilama2@gmail.com,true,,,Kadiri Osilama,https://lh3.googleusercontent.com/a/ACg8ocKv1IcJbwMjiGbNsI2TjIIYE0W8XbkMPGdG3mHZbiXOQDV0gw=s96-c,103276274940541484210,kadiriosilama2@gmail.com,Kadiri Osilama,https://lh3.googleusercontent.com/a/ACg8ocKv1IcJbwMjiGbNsI2TjIIYE0W8XbkMPGdG3mHZbiXOQDV0gw=s96-c,,,,,,,,,,,,,1781704159121,1786477593843,,,,,,,,,,,,,,,,,,,,,,,,,,,,
dK9OFd2CmuS4JB8FhG8jTD5WwKR2,adeolaomofe109@gmail.com,true,,,Adeola Omofe,https://lh3.googleusercontent.com/a/ACg8ocKN8j7sQ2Vcy9iQu3jKbKfGhqpf82Hl4kcA8s_DxhNU0-2_kg=s96-c,101012667414865982098,adeolaomofe109@gmail.com,Adeola Omofe,https://lh3.googleusercontent.com/a/ACg8ocKN8j7sQ2Vcy9iQu3jKbKfGhqpf82Hl4kcA8s_DxhNU0-2_kg=s96-c,,,,,,,,,,,,,1782337889368,1782337889368,,,,,,,,,,,,,,,,,,,,,,,,,,,,
dSU7u8EZx1X0SOTvuHvWUPWcJKJ3,abosazee258@gmail.com,true,,,Osazee Abaniwonnda,https://lh3.googleusercontent.com/a/ACg8ocJm4sKLqTje3sNqh6bYOTEfQQAHZsVcDLyAW14vG4EQ23E4G2YC=s96-c,109482941637721389424,abosazee258@gmail.com,Osazee Abaniwonnda,https://lh3.googleusercontent.com/a/ACg8ocJm4sKLqTje3sNqh6bYOTEfQQAHZsVcDLyAW14vG4EQ23E4G2YC=s96-c,,,,,,,,,,,,,1781639619717,1786442883343,,,,,,,,,,,,,,,,,,,,,,,,,,,,
dhscCSOMBUMBL3iwZmj7dMfKmn23,zaidkwargana@gmail.com,true,,,Zaid Kwargana,https://lh3.googleusercontent.com/a/ACg8ocJFqOit2oQJ1_S-JIidfGUYFQDO1pMIBJckmjnRYTfjbFIewk0=s96-c,115969550115983315490,zaidkwargana@gmail.com,Zaid Kwargana,https://lh3.googleusercontent.com/a/ACg8ocJFqOit2oQJ1_S-JIidfGUYFQDO1pMIBJckmjnRYTfjbFIewk0=s96-c,,,,,,,,,,,,,1783426109426,1785858554876,,,,,,,,,,,,,,,,,,,,,,,,,,,,
eXWwjPZZNVRCWxwZU8VTZYE691j1,rukyright@gmail.com,true,,,Ruqayyah Ladan,https://lh3.googleusercontent.com/a/ACg8ocIDArsX1zHsYurg2LKJ3nfjr9EZStU-o3cq9S7sTorW0N2Ftw=s96-c,116103087613326621614,rukyright@gmail.com,Ruqayyah Ladan,https://lh3.googleusercontent.com/a/ACg8ocIDArsX1zHsYurg2LKJ3nfjr9EZStU-o3cq9S7sTorW0N2Ftw=s96-c,,,,,,,,,,,,,1783433290797,1783433290797,,,,,,,,,,,,,,,,,,,,,,,,,,,,
ev1UmidZpqcAYAD9YTsj63dh7cb2,mae01015@gmail.com,true,,,Hauwa Salisu concern,https://lh3.googleusercontent.com/a/ACg8ocICQu-ZKiDYGr7UpoRdGi0NQDrfhys1aPkXE6OsOHhieKcyf5Ez=s96-c,104930836738119978307,mae01015@gmail.com,Hauwa Salisu concern,https://lh3.googleusercontent.com/a/ACg8ocICQu-ZKiDYGr7UpoRdGi0NQDrfhys1aPkXE6OsOHhieKcyf5Ez=s96-c,,,,,,,,,,,,,1781629345390,1782056532645,,,,,,,,,,,,,,,,,,,,,,,,,,,,
f80JJuWF9XeU5pAuf29CQl9Vtu82,rickycaleb2000@gmail.com,true,,,Ricky,https://lh3.googleusercontent.com/a/ACg8ocIdNUDRca4T_BTWbKSHZOTGCoWjmi7l3eLvJ3fMEZ4AGOAiiFY=s96-c,110833461512309066186,rickycaleb2000@gmail.com,Ricky,https://lh3.googleusercontent.com/a/ACg8ocIdNUDRca4T_BTWbKSHZOTGCoWjmi7l3eLvJ3fMEZ4AGOAiiFY=s96-c,,,,,,,,,,,,,1782081219659,1782081219659,,,,,,,,,,,,,,,,,,,,,,,,,,,,
faHetN9H4hPzElwYhr1FLT10Kwr2,praisenana001@gmail.com,true,,,Praise Nana,https://lh3.googleusercontent.com/a/ACg8ocIa1Wj3F5eqrX4vipU1azAe_DW6GurzGWaRyXLtbbPZHhgwnQ=s96-c,100257536909978192291,praisenana001@gmail.com,Praise Nana,https://lh3.googleusercontent.com/a/ACg8ocIa1Wj3F5eqrX4vipU1azAe_DW6GurzGWaRyXLtbbPZHhgwnQ=s96-c,,,,,,,,,,,,,1785504580007,1785504580007,,,,,,,,,,,,,,,,,,,,,,,,,,,,
gE8Cw7nBW5edlN0As1gX7qrLM9J3,fatima.inuwa013@gmail.com,true,,,Fatima Inuwa,https://lh3.googleusercontent.com/a/ACg8ocITTfRpOjOVmiZsgUdzn8G2IV_KHb4vDYAVXbF7SS1xScae0g=s96-c,116673725153219291479,fatima.inuwa013@gmail.com,Fatima Inuwa,https://lh3.googleusercontent.com/a/ACg8ocITTfRpOjOVmiZsgUdzn8G2IV_KHb4vDYAVXbF7SS1xScae0g=s96-c,,,,,,,,,,,,,1782643786404,1784782244871,,,,,,,,,,,,,,,,,,,,,,,,,,,,
gUBT6Sz2qEOaObQaZwLGC3KOZ433,ogbolezainab4@gmail.com,true,,,Ogbole Zainab,https://lh3.googleusercontent.com/a/ACg8ocL03hIsHZRP_--eZyFjZzbfUrirPOl4XDO1RAaqxgK3FVJ35w=s96-c,100290881020748416026,ogbolezainab4@gmail.com,Ogbole Zainab,https://lh3.googleusercontent.com/a/ACg8ocL03hIsHZRP_--eZyFjZzbfUrirPOl4XDO1RAaqxgK3FVJ35w=s96-c,,,,,,,,,,,,,1782152950039,1786385814547,,,,,,,,,,,,,,,,,,,,,,,,,,,,
hXePmJsiR1XPXgc84WX1bfBALqH3,eafresh22@gmail.com,true,,,Emmanuel,https://lh3.googleusercontent.com/a/ACg8ocJMzinROgbRqRHZcj6t9yvGQEefrU-q4zP3S-qCYG11Jdm-6w=s96-c,106090409238405657401,eafresh22@gmail.com,Emmanuel,https://lh3.googleusercontent.com/a/ACg8ocJMzinROgbRqRHZcj6t9yvGQEefrU-q4zP3S-qCYG11Jdm-6w=s96-c,,,,,,,,,,,,,1781682869640,1781682869640,,,,,,,,,,,,,,,,,,,,,,,,,,,,
hZAGkVXVZVTk5HgUy6CP2JABb3B3,joyp14756@gmail.com,true,,,Joy Peter,https://lh3.googleusercontent.com/a/ACg8ocKXwVTMcSIWrFZ93heXR3hYxf1FI2yLx5YglC4n6AVhgKIwUQ=s96-c,109020155429340056424,joyp14756@gmail.com,Joy Peter,https://lh3.googleusercontent.com/a/ACg8ocKXwVTMcSIWrFZ93heXR3hYxf1FI2yLx5YglC4n6AVhgKIwUQ=s96-c,,,,,,,,,,,,,1783150717266,1783150717266,,,,,,,,,,,,,,,,,,,,,,,,,,,,
hZZg3AuMdgP48l78fba2pB8wyaW2,edimabassey6@gmail.com,true,,,Edima Bassey,https://lh3.googleusercontent.com/a/ACg8ocKg4pNDkp2eWm2S5YMYIVhfqwuxeyLx7wL0Ng-5soSrRRG0zA=s96-c,100824601250288543060,edimabassey6@gmail.com,Edima Bassey,https://lh3.googleusercontent.com/a/ACg8ocKg4pNDkp2eWm2S5YMYIVhfqwuxeyLx7wL0Ng-5soSrRRG0zA=s96-c,,,,,,,,,,,,,1783409354988,1786356665696,,,,,,,,,,,,,,,,,,,,,,,,,,,,
hzIhPjI1GvVq4lT4CBdc9dtfJC53,abrahamsawyerr@gmail.com,true,,,Abraham Sawyerr,https://lh3.googleusercontent.com/a/ACg8ocIT5gqvFdmnEbL4IO7011yE7S816sF7H19Ir1YAHTzU7PsEqQ=s96-c,111388048023075982003,abrahamsawyerr@gmail.com,Abraham Sawyerr,https://lh3.googleusercontent.com/a/ACg8ocIT5gqvFdmnEbL4IO7011yE7S816sF7H19Ir1YAHTzU7PsEqQ=s96-c,,,,,,,,,,,,,1781628920443,1781628920444,,,,,,,,,,,,,,,,,,,,,,,,,,,,
iCFgepet8VXhbbnqUAcQZcYqF092,vaultmasks@gmail.com,true,,,Mayowa Babalola,https://lh3.googleusercontent.com/a/ACg8ocKW1nVjshAcBo9SmOUMsYEFvQxwxqYBfLCeVA6_YTCtQ72hgA=s96-c,117381946202661525458,vaultmasks@gmail.com,Mayowa Babalola,https://lh3.googleusercontent.com/a/ACg8ocKW1nVjshAcBo9SmOUMsYEFvQxwxqYBfLCeVA6_YTCtQ72hgA=s96-c,,,,,,,,,,,,,1781671509794,1781671509794,,,,,,,,,,,,,,,,,,,,,,,,,,,,
iHalF4p75RNy46KiHOITOTcNVaq1,eniolaprettygirl583@gmail.com,true,,,Eniola Ijelu,https://lh3.googleusercontent.com/a/ACg8ocIXWZPmDCWQKZ7qsDbcIOjFMN42o0tHEA393tqOZD0SF8Ib15A=s96-c,110161616344058502087,eniolaprettygirl583@gmail.com,Eniola Ijelu,https://lh3.googleusercontent.com/a/ACg8ocIXWZPmDCWQKZ7qsDbcIOjFMN42o0tHEA393tqOZD0SF8Ib15A=s96-c,,,,,,,,,,,,,1782891511617,1785995581421,,,,,,,,,,,,,,,,,,,,,,,,,,,,
iYUhTRowEIVxatq2ZpUKzvR95Kn2,nazibro10@gmail.com,true,,,Nazim Ibrahim,https://lh3.googleusercontent.com/a/ACg8ocIjm9pBQtdEQx12S0OLr6r0KNbZCxGTND7kL2jxhDkb7v51wv0m=s96-c,102177963017541579386,nazibro10@gmail.com,Nazim Ibrahim,https://lh3.googleusercontent.com/a/ACg8ocIjm9pBQtdEQx12S0OLr6r0KNbZCxGTND7kL2jxhDkb7v51wv0m=s96-c,,,,,,,,,,,,,1782046001779,1786217111542,,,,,,,,,,,,,,,,,,,,,,,,,,,,
j4lVUebwAhehjc2LTPCzfTKNL9x2,laurapeter339@gmail.com,true,,,Laura Peter,https://lh3.googleusercontent.com/a/ACg8ocIInhmiG4eAPfpz6d-FHezS4QasM1ie_-Zw_E1AbRScxSq6SQ=s96-c,102513929891453799842,laurapeter339@gmail.com,Laura Peter,https://lh3.googleusercontent.com/a/ACg8ocIInhmiG4eAPfpz6d-FHezS4QasM1ie_-Zw_E1AbRScxSq6SQ=s96-c,,,,,,,,,,,,,1781634596292,1781634596292,,,,,,,,,,,,,,,,,,,,,,,,,,,,
jCB9nKF1AoMUhqmzpIz9EqdY0Ud2,chikamsoezenwoko32@gmail.com,true,,,Chikamso Ezenwoko,https://lh3.googleusercontent.com/a/ACg8ocKCL7ZTgEbWMe9qW6hZ_Ku8QKhGvSdF8LxTmFbbxfdxf7h8tg=s96-c,101556800822352942058,chikamsoezenwoko32@gmail.com,Chikamso Ezenwoko,https://lh3.googleusercontent.com/a/ACg8ocKCL7ZTgEbWMe9qW6hZ_Ku8QKhGvSdF8LxTmFbbxfdxf7h8tg=s96-c,,,,,,,,,,,,,1782401559504,1783950276391,,,,,,,,,,,,,,,,,,,,,,,,,,,,
jNeFuFKgU6XjP4RrM0NmZWPJF7u2,preyeandaye3008@gmail.com,true,,,Preye Andaye,https://lh3.googleusercontent.com/a/ACg8ocIEmlavO6_AQT2PZQSioNISk6pdWSVYFBjzUMQY3s5IyNFviHo=s96-c,100525625559900886351,preyeandaye3008@gmail.com,Preye Andaye,https://lh3.googleusercontent.com/a/ACg8ocIEmlavO6_AQT2PZQSioNISk6pdWSVYFBjzUMQY3s5IyNFviHo=s96-c,,,,,,,,,,,,,1781628722545,1781628722545,,,,,,,,,,,,,,,,,,,,,,,,,,,,
jQXCTavs0reKubNFbH5DSDPtn1J3,enochosim@gmail.com,true,,,Enoch Osim,https://lh3.googleusercontent.com/a/ACg8ocJPrTw2_FDvDLFzMesExQ8VeSxmYKQOp0-YcyBSAW6NkHVMLwk=s96-c,112611473986550752732,enochosim@gmail.com,Enoch Osim,https://lh3.googleusercontent.com/a/ACg8ocJPrTw2_FDvDLFzMesExQ8VeSxmYKQOp0-YcyBSAW6NkHVMLwk=s96-c,,,,,,,,,,,,,1781627832943,1781627832943,,,,,,,,,,,,,,,,,,,,,,,,,,,,
jaZoRYrWGgRC72lWsDw92ah4F2h1,denzelajueshi10@gmail.com,true,,,Denzel Ajueshi,https://lh3.googleusercontent.com/a/ACg8ocLEqk0IYO5AonxnM6gO51uBCdsyugEqZPTy9rkP-fxiTJ_urg=s96-c,110258671889694406050,denzelajueshi10@gmail.com,Denzel Ajueshi,https://lh3.googleusercontent.com/a/ACg8ocLEqk0IYO5AonxnM6gO51uBCdsyugEqZPTy9rkP-fxiTJ_urg=s96-c,,,,,,,,,,,,,1784114747321,1786429411343,,,,,,,,,,,,,,,,,,,,,,,,,,,,
jgyV2dkM2DRHyc7NAoxCjMEMmJ53,abdulzizou@gmail.com,true,,,Abdulkadir Isah,https://lh3.googleusercontent.com/a/ACg8ocKeBspK6TsTd-MGDg4ydSwKewVji9sl0h_xyLn0VV4rgPeKyv_f=s96-c,110707811220123996655,abdulzizou@gmail.com,Abdulkadir Isah,https://lh3.googleusercontent.com/a/ACg8ocKeBspK6TsTd-MGDg4ydSwKewVji9sl0h_xyLn0VV4rgPeKyv_f=s96-c,,,,,,,,,,,,,1782061892996,1782061892997,,,,,,,,,,,,,,,,,,,,,,,,,,,,
kOdRDRIXntUnviXhRhFl8MxO4gg1,uzyonyeama@gmail.com,true,,,uzzyy,https://lh3.googleusercontent.com/a/ACg8ocKA2ARodCYiwAKoi_2A0EK5XRmUKxizAinWYHQbY6tyt1-a9shK=s96-c,118088274758452451106,uzyonyeama@gmail.com,uzzyy,https://lh3.googleusercontent.com/a/ACg8ocKA2ARodCYiwAKoi_2A0EK5XRmUKxizAinWYHQbY6tyt1-a9shK=s96-c,,,,,,,,,,,,,1782037235011,1782037235011,,,,,,,,,,,,,,,,,,,,,,,,,,,,
kPzhbN0RlZUBKHlyJKIkPGJrsc92,ike48370@gmail.com,true,,,Ike,https://lh3.googleusercontent.com/a/ACg8ocKl0U5PPx4s2ZcN9PDMMF6C1yFulyI_Wv6shiBQfsc-kgkPyQ=s96-c,109280391521942784613,ike48370@gmail.com,Ike,https://lh3.googleusercontent.com/a/ACg8ocKl0U5PPx4s2ZcN9PDMMF6C1yFulyI_Wv6shiBQfsc-kgkPyQ=s96-c,,,,,,,,,,,,,1782136366378,1786011590869,,,,,,,,,,,,,,,,,,,,,,,,,,,,
lPkEn3MQCsfxCZKWHCgV4ykU2xH2,amatullah.yakubu1@gmail.com,true,,,Amatullah,https://lh3.googleusercontent.com/a/ACg8ocIrF7cW7_WzyR5w2Ut0kTvgVPKYaiRzasBNwMior7KVrwdO0y4Z=s96-c,109438151730330882516,amatullah.yakubu1@gmail.com,Amatullah,https://lh3.googleusercontent.com/a/ACg8ocIrF7cW7_WzyR5w2Ut0kTvgVPKYaiRzasBNwMior7KVrwdO0y4Z=s96-c,,,,,,,,,,,,,1781627839431,1781627839431,,,,,,,,,,,,,,,,,,,,,,,,,,,,
m1UOCckgoYSB3em3xe9V5AR4luj2,tiomatiyoma@gmail.com,true,,,Tioma Tiyoma,https://lh3.googleusercontent.com/a/ACg8ocKQfmXSYHxrYXmyEexldRJDpy5xSdL3wzxDuaEaPYpyY0fqMA=s96-c,106095000248268924877,tiomatiyoma@gmail.com,Tioma Tiyoma,https://lh3.googleusercontent.com/a/ACg8ocKQfmXSYHxrYXmyEexldRJDpy5xSdL3wzxDuaEaPYpyY0fqMA=s96-c,,,,,,,,,,,,,1781819045655,1783155724210,,,,,,,,,,,,,,,,,,,,,,,,,,,,
n058I8u1qIgyg3u9fASTZPo5rKv2,jemimaekpenyong803@gmail.com,true,,,Jemima Ekpenyong,https://lh3.googleusercontent.com/a/ACg8ocLnWzvAQAqKKNdDjVktHmTVbY79NpPvUMT9YXGX_O3VN4HcxQ=s96-c,105218455207115662592,jemimaekpenyong803@gmail.com,Jemima Ekpenyong,https://lh3.googleusercontent.com/a/ACg8ocLnWzvAQAqKKNdDjVktHmTVbY79NpPvUMT9YXGX_O3VN4HcxQ=s96-c,,,,,,,,,,,,,1781794041447,1781794041447,,,,,,,,,,,,,,,,,,,,,,,,,,,,
nRa3wiqEikR8N3IxuMTkbjTLhZE2,bamangamufida2@gmail.com,true,,,Mufida Bamanga,https://lh3.googleusercontent.com/a/ACg8ocL2G24GMTgsGemJBnatRwv8Y7AtHySJYWJxzt8lbU2baQLf7Q=s96-c,114273861192373750610,bamangamufida2@gmail.com,Mufida Bamanga,https://lh3.googleusercontent.com/a/ACg8ocL2G24GMTgsGemJBnatRwv8Y7AtHySJYWJxzt8lbU2baQLf7Q=s96-c,,,,,,,,,,,,,1783278879039,1783278879039,,,,,,,,,,,,,,,,,,,,,,,,,,,,
nWC02mS6voNH2TsB9dDxSj16rtI2,akinmoladundaniel2@gmail.com,true,,,Daniel Olamilekan,https://lh3.googleusercontent.com/a/ACg8ocKcDKhTPNcDXBJyUGoOkj8ksVCxq-oZdDQ812vCbRPVa71jhhc=s96-c,111689275165308934680,akinmoladundaniel2@gmail.com,Daniel Olamilekan,https://lh3.googleusercontent.com/a/ACg8ocKcDKhTPNcDXBJyUGoOkj8ksVCxq-oZdDQ812vCbRPVa71jhhc=s96-c,,,,,,,,,,,,,1782044868197,1785413012254,,,,,,,,,,,,,,,,,,,,,,,,,,,,
nnrOFd3P1eXAMbef5N4jzeb5R862,oluomaagwubuo@gmail.com,true,,,Oluoma,https://lh3.googleusercontent.com/a/ACg8ocJArETpGypHYkEmkKL01R2_-_IqAWoXyMbOBHy3TPa7314W=s96-c,111437758050456383081,oluomaagwubuo@gmail.com,Oluoma,https://lh3.googleusercontent.com/a/ACg8ocJArETpGypHYkEmkKL01R2_-_IqAWoXyMbOBHy3TPa7314W=s96-c,,,,,,,,,,,,,1784728019291,1785926349782,,,,,,,,,,,,,,,,,,,,,,,,,,,,
ntOqxIRQUWPuS4vcpy7nJLiRChg2,zizzkyna122@gmail.com,true,,,Chizaram Ajanwachuku,https://lh3.googleusercontent.com/a/ACg8ocLGhCfuCdnuLSJ8Y3tMaKBnKRY7tgRxGaHZxju1xVEgcrN6Ccw=s96-c,105508916951554104205,zizzkyna122@gmail.com,Chizaram Ajanwachuku,https://lh3.googleusercontent.com/a/ACg8ocLGhCfuCdnuLSJ8Y3tMaKBnKRY7tgRxGaHZxju1xVEgcrN6Ccw=s96-c,,,,,,,,,,,,,1782032335951,1786290989756,,,,,,,,,,,,,,,,,,,,,,,,,,,,
oVazAQ6932NJv4Ag5U40jarOw4W2,utibeabasiumoh888@gmail.com,true,,,Utibeabasi Umoh,https://lh3.googleusercontent.com/a/ACg8ocLodS-pyzP3nmeK16lpRdtO4JKnLYadwPDuohRcCChm3eMrFw=s96-c,115057456303820203426,utibeabasiumoh888@gmail.com,Utibeabasi Umoh,https://lh3.googleusercontent.com/a/ACg8ocLodS-pyzP3nmeK16lpRdtO4JKnLYadwPDuohRcCChm3eMrFw=s96-c,,,,,,,,,,,,,1782694004199,1786373335070,,,,,,,,,,,,,,,,,,,,,,,,,,,,
oVlXniVDtAVFth2s4uAIBLMrkdA3,zaradraws21@gmail.com,true,,,Zara Draws,https://lh3.googleusercontent.com/a/ACg8ocI_egNl8Vq6n8tkp-UB7RRtGjkwYUXhmCPX3NpUmTA4qherXYE=s96-c,113810442488599831322,zaradraws21@gmail.com,Zara Draws,https://lh3.googleusercontent.com/a/ACg8ocI_egNl8Vq6n8tkp-UB7RRtGjkwYUXhmCPX3NpUmTA4qherXYE=s96-c,,,,,,,,,,,,,1783958730862,1786470837221,,,,,,,,,,,,,,,,,,,,,,,,,,,,
osvPzrRwp6Pi6ANjwBv4Lsm04Qf1,degiribarisi@gmail.com,true,,,Barisi Degiri,https://lh3.googleusercontent.com/a/ACg8ocITHm0xVPR-or0EbO9oip_Dfpix4bsV2_3PqqT49vU9NKpk3vIj=s96-c,114756382746340934897,degiribarisi@gmail.com,Barisi Degiri,https://lh3.googleusercontent.com/a/ACg8ocITHm0xVPR-or0EbO9oip_Dfpix4bsV2_3PqqT49vU9NKpk3vIj=s96-c,,,,,,,,,,,,,1787145564890,1788955301074,,,,,,,,,,,,,,,,,,,,,,,,,,,,
p5GXleNYUZeR3z4LxXTSD11WZan2,iluvk1wxxs@gmail.com,true,,,Iluvk1wxxs,https://lh3.googleusercontent.com/a/ACg8ocJROlJrbql9EJV36xnp2upwtYd0wFTnC_CvCz7E5kICpQpW4A=s96-c,106712205188059544629,iluvk1wxxs@gmail.com,Iluvk1wxxs,https://lh3.googleusercontent.com/a/ACg8ocJROlJrbql9EJV36xnp2upwtYd0wFTnC_CvCz7E5kICpQpW4A=s96-c,,,,,,,,,,,,,1782042805231,1782042805231,,,,,,,,,,,,,,,,,,,,,,,,,,,,
pXjWEnIfOcPnwE6o3EUB45ARYX43,janaishaibuayomide@gmail.com,true,,,Janai Ayomide Shaibu (Jay-Nine),https://lh3.googleusercontent.com/a/ACg8ocKwbEUyMqyF4aID_gdo_LKpNtOsbJ39fMlpJyf2tcVtcn_8TvTd=s96-c,115697283917923708765,janaishaibuayomide@gmail.com,Janai Ayomide Shaibu (Jay-Nine),https://lh3.googleusercontent.com/a/ACg8ocKwbEUyMqyF4aID_gdo_LKpNtOsbJ39fMlpJyf2tcVtcn_8TvTd=s96-c,,,,,,,,,,,,,1782696760740,1786496878945,,,,,,,,,,,,,,,,,,,,,,,,,,,,
qSVXgE7xczbPVvMcNcdhHzWPo7p1,chidiebubedivine2009@gmail.com,true,,,Chidiebube Divine,https://lh3.googleusercontent.com/a/ACg8ocI1Bpsy0CyjAuEnkhv5Dyx8PiCsmPJUOdQzClXUpsLjTcf6OG78=s96-c,117943187349523019979,chidiebubedivine2009@gmail.com,Chidiebube Divine,https://lh3.googleusercontent.com/a/ACg8ocI1Bpsy0CyjAuEnkhv5Dyx8PiCsmPJUOdQzClXUpsLjTcf6OG78=s96-c,,,,,,,,,,,,,1782338135718,1782338135718,,,,,,,,,,,,,,,,,,,,,,,,,,,,
rUh12jnoJ5Vzppg7PHHwGJu8JjJ2,muhammadawwalabideenyusuf@gmail.com,true,,,Muhammad Awwal Abideen Yusuf,https://lh3.googleusercontent.com/a/ACg8ocKasG5uZ4hGEs2_kQfa1LK2qCsLUr8OPVpU6cUuKJVtDTJG4I8s=s96-c,103862021320955843790,muhammadawwalabideenyusuf@gmail.com,Muhammad Awwal Abideen Yusuf,https://lh3.googleusercontent.com/a/ACg8ocKasG5uZ4hGEs2_kQfa1LK2qCsLUr8OPVpU6cUuKJVtDTJG4I8s=s96-c,,,,,,,,,,,,,1782190536351,1786429950998,,,,,,,,,,,,,,,,,,,,,,,,,,,,
rcEHyLwszWgadZOpWw6i9ZO0wf22,ikemeeangel@gmail.com,true,,,angel,https://lh3.googleusercontent.com/a/ACg8ocK7TXWwgeMJuVxUAM4fFpqNTDGXX-j6DPri4gnOjphwFNRwmoo=s96-c,100665185828188169318,ikemeeangel@gmail.com,angel,https://lh3.googleusercontent.com/a/ACg8ocK7TXWwgeMJuVxUAM4fFpqNTDGXX-j6DPri4gnOjphwFNRwmoo=s96-c,,,,,,,,,,,,,1782383258006,1782383258007,,,,,,,,,,,,,,,,,,,,,,,,,,,,
s9GjM1b238X5SVzieAdh8uGBQKh1,wealth1234iaminlove@gmail.com,true,,,wealth,https://lh3.googleusercontent.com/a-/ALV-UjWPSBFPiMtPHaWmK3pIygA8vOQaqPasAo9lBvCMFo6bQ-Du1W513cVnJvgDXUBR5eJC8Q-_bbAvJUzn2zpfsPJm0HCTsVcfGbcyEVdFVt9aXptpMidPbIwUhepSBWqXy-FudIlr-ygBsjaheiRqWBycwmwF_ewiQTMT3YRyK8B9RUDcjY5EmS6gtBbrMyY7IM5oqkaO1_yNZkrSQR9EDE-6h3biZkSvII69SX3vEFLj3OM04W4AyyL9Ma8MythzIAOqJNfdHLbMoaaY3LttFRAQ_7F0QSalqSV5HazUeRrKvQhMgSkWviJfvqREyFrRVnNES_dSbi4xfXex0NL5-Owd1YSl5sYD5kfFw9ZYE8Er-VAoEuWnGJ33VldiG7s6wcCtW-AfceVZ8bf9Vs8o1DBD-gpFiQsgP1Z9p7WvPKsPj544C0owiLjwnA1IS6-wUOujaq7_icPxZINswGELX4Z3w0Bb8_r-58ZJdgI6zxN8BPjU74IB4eYVwnHUa4NxDUMrmyAMIwH3YsCDXYmHcVZiFa_HOqo_Y7EeabOFhl9MIJL4MY6OUtL6znGr-tN1jpfGi689Bj817PFjEFyIm3Z2vguCLfh0ryAbYw7yDrY5g-EaCS2JMb41CzHwwM4RVU4ERNUFbMO9mdqb783rm8Y9loMCBX2UOQ7v6Ot2V7MxirxanlKaEPn43nV1OOzB23kcYGaktn1wIX1dtZlOkpgxHU3tGJG3PWgwYc_tsfVtotHY1H9cHQDzZWZkunNfXVwZ6za0alDceNcQ1B3_6yEW6kv3nwrM1WfB1QFs7F4x-8MybYQFy0bhx8II7m6k6lMnbvPwuaqjU80be3sIUijx-L9UqIb_fsvrwvm5fdbBTbQjscAVgkVT8zwaYQDHTgzCSkrYa6R2XChDdNKb-LHL6bOY_Tvym1E8_FqAcR8V-1nQAHOciHG9CDfj8utmtYICWK3kq-2VsR_X0M-LMeuuNjcrfXm0gVZIv4aZy-pBq3vjzLd-ZUWpphgQIAjVTD6tkjFISLpPZzkAc3xLz3oDSsyfeLv4WIxpc5f34CxIWpLIN1EoFRxd=s96-c,109905585520523162763,wealth1234iaminlove@gmail.com,wealth,https://lh3.googleusercontent.com/a-/ALV-UjVFi38NOvh9Yea06lA8s58KqA_DstLlVEEjqR96iAQqJ45Xgr7tuIhdhvGm5o6lwf_q2kKRkUkwxuCKDFFJxJMJ7ARzzotBM9XOC5le9I5yry9s3a5uxSiBQgUHbGyHX0hRtffWoYlVAdSoMre8OpnU2cNGoP2LMglZQzWdy4WGnb6hTfQumOsNPvdpS_Ol2xpLowoXb27g5qAuiog8uuc8BwoRxRPpDfbxM7HqKfbmXXt6mqINS_rt4is5Up0BM8b_MZJlBKhHLknUCLB1qKCrp-2-YR2uAVHQ2asyXZk0ogXRJ0jnFXy2Avbc4NZe8P-J_At-ic1O22yEafswDanpKl5sUb9e1DF8Dk6gI6Y0_-1ZZtieuhhl8PEXXw-W_Ap24SPRztCmHpxg11K_2Ez0VtvNOPTmM01UZf_6E_2wbDd7RZ9hwf0J93SbFZ9yvhWwp94WY0LI6IsAfEcjZRssXlbzubMqp_sbHbbeDYgdobN8aOYQYGf8n4icgRQf68GD5IC00xW4Jokai0ScLpbmryNHriSnIzyDo5rqKAV51zn1bN3QX1ybiyu9MV6IQ1rIEs6Fm32v-XqbtixaS5sxnMCmTLDf_E2KYwoG4UsTjEJuuXXNX_pwSMzft3LdFRPt5tlGCU0fZJudvEZuXZBJnIjIr54A-YwzZ6mhXc3bO-JpXKVJKpvIqWT1FoAA6TBBblRPFeXdDxku_HKXSemrls3eH0Vqu-keUvU1_hQ8JIz-6CcharpyvWF4dsgm08oEWzOAW8M21TRl0T2vTew6b8pkSRjnq_DIFhHEor4sUpZ5eHLg2RDZLr4Pp6JdB-Kg1Kee1YRZT4B1qJHwAT_3cPbAS1ylE9SfzKJGjybJn75HJIfM-ngEKNEXvUZ8hQf89ZkXs-NzSwMRCLSPnWbEfzID2oPEWZQDrAHxzOXKP7nIwAYipoA7EB929fn8PYVzNO7BQCY_7qVMusdZy0zojLTl8COFreqPRBhYbGQpsxbEwzs_om_H98t3WKo-rjXMlqzQL1WebixoH0BDGSXLXYeykmmVX6_o3vhJaOOEtxhHGSAyAlc-=s96-c,,,,,,,,,,,,,1781628477949,1786511609285,,,,,,,,,,,,,,,,,,,,,,,,,,,,
snJDiz9lyDcLqWZUxJgWoctqWKa2,afighijemima42@gmail.com,true,,,jemima afighi,https://lh3.googleusercontent.com/a/ACg8ocJx9QBQzV64hfa0QRub-P1R6tT4cnH79d-2H7VURk265xp0zw=s96-c,111841587800817690588,afighijemima42@gmail.com,jemima afighi,https://lh3.googleusercontent.com/a/ACg8ocJx9QBQzV64hfa0QRub-P1R6tT4cnH79d-2H7VURk265xp0zw=s96-c,,,,,,,,,,,,,1781802430834,1782383057448,,,,,,,,,,,,,,,,,,,,,,,,,,,,
uIB1WexddHcIie0390xUTjBpfvx1,inioluwadaniel09@gmail.com,true,,,Daniel Adesanmi,https://lh3.googleusercontent.com/a/ACg8ocLaaYnuMmhqcPm-msWR40e0GpzHpe00v_9b15oqPRwZVU5bM84X=s96-c,105267681752129956703,inioluwadaniel09@gmail.com,Daniel Adesanmi,https://lh3.googleusercontent.com/a/ACg8ocLaaYnuMmhqcPm-msWR40e0GpzHpe00v_9b15oqPRwZVU5bM84X=s96-c,,,,,,,,,,,,,1781763518174,1781763518174,,,,,,,,,,,,,,,,,,,,,,,,,,,,
uejk29EWggOzI1gKmX7xyN9RXmH3,debbieadey123@gmail.com,true,,,Deborah Adeyemi,https://lh3.googleusercontent.com/a/ACg8ocIAk95VIeAOntSx_AfCgezgUrdM0FO-raDk5X4xg2VDibXq-Q=s96-c,113337253759620351927,debbieadey123@gmail.com,Deborah Adeyemi,https://lh3.googleusercontent.com/a/ACg8ocIAk95VIeAOntSx_AfCgezgUrdM0FO-raDk5X4xg2VDibXq-Q=s96-c,,,,,,,,,,,,,1781591261283,1783068740856,,,,,,,,,,,,,,,,,,,,,,,,,,,,
umUSLz383qMVhB5kmheshUt0ojQ2,ojakovodaf777@gmail.com,true,,,Emmanuel Edafe,https://lh3.googleusercontent.com/a/ACg8ocKdUk7JqCZK9qR1GU8jt4PrnOO6kYTUpnUFTnlKlf340IBA2NX5=s96-c,114698272768225701972,ojakovodaf777@gmail.com,Emmanuel Edafe,https://lh3.googleusercontent.com/a/ACg8ocKdUk7JqCZK9qR1GU8jt4PrnOO6kYTUpnUFTnlKlf340IBA2NX5=s96-c,,,,,,,,,,,,,1783079914565,1783079914566,,,,,,,,,,,,,,,,,,,,,,,,,,,,
uqXuRTyrUhaF10FYuT1hPc5zi832,simansuangbon@gmail.com,true,,,Aisosa imansuangbon,https://lh3.googleusercontent.com/a/ACg8ocIwRlWzXgRelV5rW4AAjCdDXn5i7za_ioydO8HfXdU2nVv-cQ=s96-c,116509555868906077608,simansuangbon@gmail.com,Aisosa imansuangbon,https://lh3.googleusercontent.com/a/ACg8ocIwRlWzXgRelV5rW4AAjCdDXn5i7za_ioydO8HfXdU2nVv-cQ=s96-c,,,,,,,,,,,,,1782410547844,1782410547844,,,,,,,,,,,,,,,,,,,,,,,,,,,,
vDICsvN4ULO2EsRWl5CBTvhIDN03,nabilahlawal39@gmail.com,true,,,Nabilah Lawal,https://lh3.googleusercontent.com/a/ACg8ocKJmwbA4zCgw-C9oUJjro6UYiKZvfj9OQtP4xueR5lfIbtgCtQ=s96-c,110731525811987635413,nabilahlawal39@gmail.com,Nabilah Lawal,https://lh3.googleusercontent.com/a/ACg8ocKJmwbA4zCgw-C9oUJjro6UYiKZvfj9OQtP4xueR5lfIbtgCtQ=s96-c,,,,,,,,,,,,,1783620211237,1783620211237,,,,,,,,,,,,,,,,,,,,,,,,,,,,
vm4cVsBOmGNAduGsKpmoM6qcyRs2,mateenabubakar44@gmail.com,true,,,Abdul Mateen,https://lh3.googleusercontent.com/a/ACg8ocLSzo9qmldpe_eQnUjBu-43rc_THdio9nBjU55HXaAf97NkVX9E=s96-c,114527916903381392302,mateenabubakar44@gmail.com,Abdul Mateen,https://lh3.googleusercontent.com/a/ACg8ocLSzo9qmldpe_eQnUjBu-43rc_THdio9nBjU55HXaAf97NkVX9E=s96-c,,,,,,,,,,,,,1781903417818,1786407480949,,,,,,,,,,,,,,,,,,,,,,,,,,,,
w1HEl2OmTJUiVcPktC9VxKu1xMC3,divineene71@gmail.com,true,,,Divine Ene,https://lh3.googleusercontent.com/a/ACg8ocKhpUgA5bNT6B-zmnieCGNaduems7VpR5WDprYm2LFdWKYYLe0s=s96-c,113169379958224200384,divineene71@gmail.com,Divine Ene,https://lh3.googleusercontent.com/a/ACg8ocKhpUgA5bNT6B-zmnieCGNaduems7VpR5WDprYm2LFdWKYYLe0s=s96-c,,,,,,,,,,,,,1782362086357,1786420112428,,,,,,,,,,,,,,,,,,,,,,,,,,,,
w4NT99pzzJObkCNQMEwNfGJ4z1G2,nuramaryam777@gmail.com,true,,,Maryam Umar,https://lh3.googleusercontent.com/a/ACg8ocJlokl-XGBFxeLMbcEOvRXAkuac3vW9rLQcc7kIYemafKQZ-Q=s96-c,102878245335021537545,nuramaryam777@gmail.com,Maryam Umar,https://lh3.googleusercontent.com/a/ACg8ocJlokl-XGBFxeLMbcEOvRXAkuac3vW9rLQcc7kIYemafKQZ-Q=s96-c,,,,,,,,,,,,,1782398466420,1784068570263,,,,,,,,,,,,,,,,,,,,,,,,,,,,
ws4490cyusQWR0MbEkfX0BpceFu1,chuxchibu@gmail.com,true,,,Chux Chibu,https://lh3.googleusercontent.com/a/ACg8ocKpWamk8y2mLK-rBMU0BjchT-txVvv-t9Es4wKZlcMfrkocng=s96-c,107240465791282543292,chuxchibu@gmail.com,Chux Chibu,https://lh3.googleusercontent.com/a/ACg8ocKpWamk8y2mLK-rBMU0BjchT-txVvv-t9Es4wKZlcMfrkocng=s96-c,,,,,,,,,,,,,1781639491964,1786443364418,,,,,,,,,,,,,,,,,,,,,,,,,,,,
wwPPGh9nRGWkDQRLNdZ0VR2YhiB2,faustinanwannekailo@gmail.com,true,,,FAUSTINA NWANNEKA ILO,https://lh3.googleusercontent.com/a/ACg8ocLcyXQC19R6oVRtVhJj5pEHzpmG68ZcyPzefcmhtG1n3-b1tw=s96-c,108274769026453738308,faustinanwannekailo@gmail.com,FAUSTINA NWANNEKA ILO,https://lh3.googleusercontent.com/a/ACg8ocLcyXQC19R6oVRtVhJj5pEHzpmG68ZcyPzefcmhtG1n3-b1tw=s96-c,,,,,,,,,,,,,1781611909367,1785957397855,,,,,,,,,,,,,,,,,,,,,,,,,,,,
x2wOTdtCsHUiK3l790liEPJW7mV2,demanuchimzi@gmail.com,true,,,Manuchimzi,https://lh3.googleusercontent.com/a/ACg8ocL1fn20psS-P1p3RoBdOSU3QLEgfBkXvfRCK3wvuiSibWv4aQ=s96-c,112763658367060626321,demanuchimzi@gmail.com,Manuchimzi,https://lh3.googleusercontent.com/a/ACg8ocL1fn20psS-P1p3RoBdOSU3QLEgfBkXvfRCK3wvuiSibWv4aQ=s96-c,,,,,,,,,,,,,1781866157290,1781866157290,,,,,,,,,,,,,,,,,,,,,,,,,,,,
xKYyLodL8ROnQFiWZazjonJiSAj1,amadikechukwubuikem@gmail.com,true,,,Halifax Amadike-Unaogu,https://lh3.googleusercontent.com/a/ACg8ocKexsxi9hbDpngmcLpmb35DyxECSTqcwErsuGgkoFyoFv6o4ESq=s96-c,109688676636808923599,amadikechukwubuikem@gmail.com,Halifax Amadike-Unaogu,https://lh3.googleusercontent.com/a/ACg8ocKexsxi9hbDpngmcLpmb35DyxECSTqcwErsuGgkoFyoFv6o4ESq=s96-c,,,,,,,,,,,,,1785787589260,1785973333753,,,,,,,,,,,,,,,,,,,,,,,,,,,,
xN2qRz3WjheLDLrQYX6D30XamAx1,ariellaibrahim101@gmail.com,true,,,Ariella Ibrahim,https://lh3.googleusercontent.com/a-/ALV-UjVMf8z_R7ezUsJ0cLPK6k4j0IrW2THe0VrHpn7vfzvPzvR89-64byzlBMCzvZe6mJLf7v2pILW2G0P7aAvH0PAG0grwPqoMn_5q9Zuu0EJEJz0Vst8V3REUyIsL9ML4PdTbzV07C3jF8eceZPqjTVb7FW1rho_Ucrkme6HP1Zv_OO8ozTtP0tpKlB317x2swwPra3zGMobTb-HLRjTKF5Vb40klzeD8Bxcz7utK-vO894HuyRWB7wNziWdeDUe39aJyzFwwBG2D892qjW_mG8Hzk1ZTEtUmDdbhKlEDhP2rPtYtcekqVLQXGY21MdNJ8LMyLapyBHzj8rLOJ5PVpQdiOPdKd9asH4M0ZotKnXIw5uH056-Rl-n3E-HDxMZb8WAtIWiHHKjPfx3N177FPeucAlamAIO7yqlQy6Rk6l4HXC573sKOB-1TrEd-4t10Y8oZW56EKd7UOx1EFgr9Sb60k0qJj0eg_Sl-JYGCmTWZiMDGsZqZvc5ouB7H3liLgs8DdlN5U8mSx9p6ZxDGpl1TbII2dFE9-tVenDzdvAHQxycT9s6o-oxSLRIn3CpIidq_WuG3fV3x8vZ5_AM_oYY0uPy_xB07hMyv4-vDdOb4srq8kqWCAd6sW7V7TV1wqyU6KuPj-XrAZ9l9L-Ne6-pc651PL95OGYifHPcig_TEfHCnFFu97ZpnpFA6izDO5ytOD8fvZ6Qzjx6KUz50bNtk1Gjj82iAmW-WRPoI5qMImiZXxbUvkglpxaOgtmNCO5oJ19hq_76JkOYV28IKe5c1ywmS68mVY6cWtgEtgfUNkiKYQUQFRLd1HZyjE_uqaD-wwGIsala7_ZowCjFTM2sG2fCQQ-XKF_ZbPKusIc0nTihaQp-RmMYR6NgotIR7rj03QmHUSTZ8OlrkM89hWOFeobIeJYu2YPijUAaEi5-eej-GuQ_URwdqFIGkAJHSNKYHuR0xdXinkBtAy23pEqO4uxwVfIwkh-BzE1Cks7H3k4dadCJVtIyPwqu-OB_RQOrQnmjjlmPsnqWCQLTalEsu-bvectBuGDTtoceseNCCZYDenXidtqsY=s96-c,113735417322650270139,ariellaibrahim101@gmail.com,Ariella Ibrahim,https://lh3.googleusercontent.com/a-/ALV-UjVMf8z_R7ezUsJ0cLPK6k4j0IrW2THe0VrHpn7vfzvPzvR89-64byzlBMCzvZe6mJLf7v2pILW2G0P7aAvH0PAG0grwPqoMn_5q9Zuu0EJEJz0Vst8V3REUyIsL9ML4PdTbzV07C3jF8eceZPqjTVb7FW1rho_Ucrkme6HP1Zv_OO8ozTtP0tpKlB317x2swwPra3zGMobTb-HLRjTKF5Vb40klzeD8Bxcz7utK-vO894HuyRWB7wNziWdeDUe39aJyzFwwBG2D892qjW_mG8Hzk1ZTEtUmDdbhKlEDhP2rPtYtcekqVLQXGY21MdNJ8LMyLapyBHzj8rLOJ5PVpQdiOPdKd9asH4M0ZotKnXIw5uH056-Rl-n3E-HDxMZb8WAtIWiHHKjPfx3N177FPeucAlamAIO7yqlQy6Rk6l4HXC573sKOB-1TrEd-4t10Y8oZW56EKd7UOx1EFgr9Sb60k0qJj0eg_Sl-JYGCmTWZiMDGsZqZvc5ouB7H3liLgs8DdlN5U8mSx9p6ZxDGpl1TbII2dFE9-tVenDzdvAHQxycT9s6o-oxSLRIn3CpIidq_WuG3fV3x8vZ5_AM_oYY0uPy_xB07hMyv4-vDdOb4srq8kqWCAd6sW7V7TV1wqyU6KuPj-XrAZ9l9L-Ne6-pc651PL95OGYifHPcig_TEfHCnFFu97ZpnpFA6izDO5ytOD8fvZ6Qzjx6KUz50bNtk1Gjj82iAmW-WRPoI5qMImiZXxbUvkglpxaOgtmNCO5oJ19hq_76JkOYV28IKe5c1ywmS68mVY6cWtgEtgfUNkiKYQUQFRLd1HZyjE_uqaD-wwGIsala7_ZowCjFTM2sG2fCQQ-XKF_ZbPKusIc0nTihaQp-RmMYR6NgotIR7rj03QmHUSTZ8OlrkM89hWOFeobIeJYu2YPijUAaEi5-eej-GuQ_URwdqFIGkAJHSNKYHuR0xdXinkBtAy23pEqO4uxwVfIwkh-BzE1Cks7H3k4dadCJVtIyPwqu-OB_RQOrQnmjjlmPsnqWCQLTalEsu-bvectBuGDTtoceseNCCZYDenXidtqsY=s96-c,,,,,,,,,,,,,1785771083404,1785771083404,,,,,,,,,,,,,,,,,,,,,,,,,,,,
xNmPXkwUqfZgap9LYHsUSvXaVji2,chijessy286@gmail.com,true,,,Chidera Jessica Obiorah,https://lh3.googleusercontent.com/a/ACg8ocL1CsPjBieYUzqLNS9lrnNG1rn0VnUqt_CSYAoiy1MuIrUapA=s96-c,116799058784557825767,chijessy286@gmail.com,Chidera Jessica Obiorah,https://lh3.googleusercontent.com/a/ACg8ocL1CsPjBieYUzqLNS9lrnNG1rn0VnUqt_CSYAoiy1MuIrUapA=s96-c,,,,,,,,,,,,,1781630082377,1781698270468,,,,,,,,,,,,,,,,,,,,,,,,,,,,
xxnQOYOT4SXoK2wXOCI34A6wwJ13,teeboyuma@gmail.com,true,,,Treasure,https://lh3.googleusercontent.com/a/ACg8ocJ2sQOLFcPnwwQnFzq2TeQ5G_ha7gec13MyATa7SwA9a8UY8w=s96-c,100458396627162184293,teeboyuma@gmail.com,Treasure,https://lh3.googleusercontent.com/a/ACg8ocJ2sQOLFcPnwwQnFzq2TeQ5G_ha7gec13MyATa7SwA9a8UY8w=s96-c,,,,,,,,,,,,,1782136860967,1782136860967,,,,,,,,,,,,,,,,,,,,,,,,,,,,
yait5EPBKvVbSMJVB0v9MNtX1DV2,liyahbello2209@gmail.com,true,,,Aliyah Bello,https://lh3.googleusercontent.com/a/ACg8ocJbMs1Ngiz0h39hUEqc3gDNrcoxtrKN9xrIqM1kKkT75LwkZA=s96-c,104528499811490569349,liyahbello2209@gmail.com,Aliyah Bello,https://lh3.googleusercontent.com/a/ACg8ocJbMs1Ngiz0h39hUEqc3gDNrcoxtrKN9xrIqM1kKkT75LwkZA=s96-c,,,,,,,,,,,,,1782719231455,1782719231455,,,,,,,,,,,,,,,,,,,,,,,,,,,,
yeii2ljzzzMUz18aYYG579kDg353,ozigbomiracle10@gmail.com,true,,,Ozigbo Miracle,https://lh3.googleusercontent.com/a/ACg8ocLqUnUUgx4ASJ6BgcZK4Uhq1SoQRmvTXPHGbH4Rb6R82OYyrg=s96-c,115234618074559517435,ozigbomiracle10@gmail.com,Ozigbo Miracle,https://lh3.googleusercontent.com/a/ACg8ocLqUnUUgx4ASJ6BgcZK4Uhq1SoQRmvTXPHGbH4Rb6R82OYyrg=s96-c,,,,,,,,,,,,,1781645237080,1782026103292,,,,,,,,,,,,,,,,,,,,,,,,,,,,
yl1hJQrFHJQQtu6utcEApbTgc2s2,awazianzaki@gmail.com,true,,,Joy Anzaki,https://lh3.googleusercontent.com/a/ACg8ocJJFNMqVow_eTKemjHlR80aJI_IE3APDgX3QWk7C2LG5HIo18Q=s96-c,110889572395188004338,awazianzaki@gmail.com,Joy Anzaki,https://lh3.googleusercontent.com/a/ACg8ocJJFNMqVow_eTKemjHlR80aJI_IE3APDgX3QWk7C2LG5HIo18Q=s96-c,,,,,,,,,,,,,1781632338757,1781632338757,,,,,,,,,,,,,,,,,,,,,,,,,,,,
zHD6326DBLatywWNGKax56ldMbC3,sherifatmusa00@gmail.com,true,,,Sherifat Musa,https://lh3.googleusercontent.com/a/ACg8ocIrtG57KOD_XqG3DuRkjftpWDbggbK0VRLD7KXvUkMqA9x4Pw=s96-c,110563893265146967126,sherifatmusa00@gmail.com,Sherifat Musa,https://lh3.googleusercontent.com/a/ACg8ocIrtG57KOD_XqG3DuRkjftpWDbggbK0VRLD7KXvUkMqA9x4Pw=s96-c,,,,,,,,,,,,,1781703366475,1781703366475,,,,,,,,,,,,,,,,,,,,,,,,,,,,
ziAhhTJKq6bINPn3LsvORVDO60b2,clintoncaujunwa@gmail.com,true,,,Clinton Ca Ujunwa,https://lh3.googleusercontent.com/a/ACg8ocJp8KxfKa5ZAkA2wb1bq_CQRxsVW5v5bfOH4hsqoz_Wd-n0zA=s96-c,115179452326872903854,clintoncaujunwa@gmail.com,Clinton Ca Ujunwa,https://lh3.googleusercontent.com/a/ACg8ocJp8KxfKa5ZAkA2wb1bq_CQRxsVW5v5bfOH4hsqoz_Wd-n0zA=s96-c,,,,,,,,,,,,,1781722615569,1781722615569,,,,,,,,,,,,,,,,,,,,,,,,,,,,
